Patient,Method,Score_Type,Iteration,Value
S22,Kumar,Silhouette_Score_PhonChance,1,0.16061532
S22,Kumar,Silhouette_Score_PhonChance,2,0.06077955
S22,Kumar,Silhouette_Score_PhonChance,3,0.04584475
S22,Kumar,Silhouette_Score_PhonChance,4,0.03665089
S22,Kumar,Silhouette_Score_PhonChance,5,0.0637638
S22,Kumar,Silhouette_Score_PhonChance,6,0.055105776
S22,Kumar,Silhouette_Score_PhonChance,7,0.15089466
S22,Kumar,Silhouette_Score_PhonChance,8,0.06337748
S22,Kumar,Silhouette_Score_PhonChance,9,0.046060856
S22,Kumar,Silhouette_Score_PhonChance,10,0.12366973
S22,Kumar,Silhouette_Score_PhonChance,11,0.054843746
S22,Kumar,Silhouette_Score_PhonChance,12,0.12252439
S22,Kumar,Silhouette_Score_PhonChance,13,0.07278397
S22,Kumar,Silhouette_Score_PhonChance,14,0.056660336
S22,Kumar,Silhouette_Score_PhonChance,15,0.063731804
S22,Kumar,Silhouette_Score_PhonChance,16,0.085908435
S22,Kumar,Silhouette_Score_PhonChance,17,0.06679399
S22,Kumar,Silhouette_Score_PhonChance,18,0.06289754
S22,Kumar,Silhouette_Score_PhonChance,19,0.093211554
S22,Kumar,Silhouette_Score_PhonChance,20,0.079543404
S22,Kumar,Silhouette_Score_PhonChance,21,0.1599051
S22,Kumar,Silhouette_Score_PhonChance,22,0.04732244
S22,Kumar,Silhouette_Score_PhonChance,23,0.07732503
S22,Kumar,Silhouette_Score_PhonChance,24,0.06665859
S22,Kumar,Silhouette_Score_PhonChance,25,0.041353323
S22,Kumar,Silhouette_Score_PhonChance,26,0.04965161
S22,Kumar,Silhouette_Score_PhonChance,27,0.04455931
S22,Kumar,Silhouette_Score_PhonChance,28,0.07926995
S22,Kumar,Silhouette_Score_PhonChance,29,0.020909276
S22,Kumar,Silhouette_Score_PhonChance,30,0.10885499
S22,Kumar,Silhouette_Score_PhonChance,31,0.085160986
S22,Kumar,Silhouette_Score_PhonChance,32,0.11731504
S22,Kumar,Silhouette_Score_PhonChance,33,0.053700455
S22,Kumar,Silhouette_Score_PhonChance,34,0.045364752
S22,Kumar,Silhouette_Score_PhonChance,35,0.037521817
S22,Kumar,Silhouette_Score_PhonChance,36,0.15881592
S22,Kumar,Silhouette_Score_PhonChance,37,0.039248705
S22,Kumar,Silhouette_Score_PhonChance,38,0.046620384
S22,Kumar,Silhouette_Score_PhonChance,39,0.07991174
S22,Kumar,Silhouette_Score_PhonChance,40,0.049147002
S22,Kumar,Silhouette_Score_PhonChance,41,0.06444329
S22,Kumar,Silhouette_Score_PhonChance,42,0.0525607
S22,Kumar,Silhouette_Score_PhonChance,43,0.06995092
S22,Kumar,Silhouette_Score_PhonChance,44,0.041055318
S22,Kumar,Silhouette_Score_PhonChance,45,0.062073484
S22,Kumar,Silhouette_Score_PhonChance,46,0.050414484
S22,Kumar,Silhouette_Score_PhonChance,47,0.07368779
S22,Kumar,Silhouette_Score_PhonChance,48,0.040230133
S22,Kumar,Silhouette_Score_PhonChance,49,0.043262042
S22,Kumar,Silhouette_Score_PhonChance,50,0.098777585
S22,Kumar,Silhoutte_Score_Phon,1,0.04353549
S22,Kumar,Silhoutte_Score_Phon,2,0.04353549
S22,Kumar,Silhoutte_Score_Phon,3,0.04353549
S22,Kumar,Silhoutte_Score_Phon,4,0.04353549
S22,Kumar,Silhoutte_Score_Phon,5,0.04353549
S22,Kumar,Silhoutte_Score_Phon,6,0.04353549
S22,Kumar,Silhoutte_Score_Phon,7,0.04353549
S22,Kumar,Silhoutte_Score_Phon,8,0.04353549
S22,Kumar,Silhoutte_Score_Phon,9,0.04353549
S22,Kumar,Silhoutte_Score_Phon,10,0.04353549
S22,Kumar,Silhoutte_Score_Phon,11,0.04353549
S22,Kumar,Silhoutte_Score_Phon,12,0.04353549
S22,Kumar,Silhoutte_Score_Phon,13,0.04353549
S22,Kumar,Silhoutte_Score_Phon,14,0.04353549
S22,Kumar,Silhoutte_Score_Phon,15,0.04353549
S22,Kumar,Silhoutte_Score_Phon,16,0.04353549
S22,Kumar,Silhoutte_Score_Phon,17,0.04353549
S22,Kumar,Silhoutte_Score_Phon,18,0.04353549
S22,Kumar,Silhoutte_Score_Phon,19,0.04353549
S22,Kumar,Silhoutte_Score_Phon,20,0.04353549
S22,Kumar,Silhoutte_Score_Phon,21,0.04353549
S22,Kumar,Silhoutte_Score_Phon,22,0.04353549
S22,Kumar,Silhoutte_Score_Phon,23,0.04353549
S22,Kumar,Silhoutte_Score_Phon,24,0.04353549
S22,Kumar,Silhoutte_Score_Phon,25,0.04353549
S22,Kumar,Silhoutte_Score_Phon,26,0.04353549
S22,Kumar,Silhoutte_Score_Phon,27,0.04353549
S22,Kumar,Silhoutte_Score_Phon,28,0.04353549
S22,Kumar,Silhoutte_Score_Phon,29,0.04353549
S22,Kumar,Silhoutte_Score_Phon,30,0.04353549
S22,Kumar,Silhoutte_Score_Phon,31,0.04353549
S22,Kumar,Silhoutte_Score_Phon,32,0.04353549
S22,Kumar,Silhoutte_Score_Phon,33,0.04353549
S22,Kumar,Silhoutte_Score_Phon,34,0.04353549
S22,Kumar,Silhoutte_Score_Phon,35,0.04353549
S22,Kumar,Silhoutte_Score_Phon,36,0.04353549
S22,Kumar,Silhoutte_Score_Phon,37,0.04353549
S22,Kumar,Silhoutte_Score_Phon,38,0.04353549
S22,Kumar,Silhoutte_Score_Phon,39,0.04353549
S22,Kumar,Silhoutte_Score_Phon,40,0.04353549
S22,Kumar,Silhoutte_Score_Phon,41,0.04353549
S22,Kumar,Silhoutte_Score_Phon,42,0.04353549
S22,Kumar,Silhoutte_Score_Phon,43,0.04353549
S22,Kumar,Silhoutte_Score_Phon,44,0.04353549
S22,Kumar,Silhoutte_Score_Phon,45,0.04353549
S22,Kumar,Silhoutte_Score_Phon,46,0.04353549
S22,Kumar,Silhoutte_Score_Phon,47,0.04353549
S22,Kumar,Silhoutte_Score_Phon,48,0.04353549
S22,Kumar,Silhoutte_Score_Phon,49,0.04353549
S22,Kumar,Silhoutte_Score_Phon,50,0.04353549
S22,Kumar,Silhoutte_Score_PhonGrp,1,0.040210813
S22,Kumar,Silhoutte_Score_PhonGrp,2,0.040210813
S22,Kumar,Silhoutte_Score_PhonGrp,3,0.040210813
S22,Kumar,Silhoutte_Score_PhonGrp,4,0.040210813
S22,Kumar,Silhoutte_Score_PhonGrp,5,0.040210813
S22,Kumar,Silhoutte_Score_PhonGrp,6,0.040210813
S22,Kumar,Silhoutte_Score_PhonGrp,7,0.040210813
S22,Kumar,Silhoutte_Score_PhonGrp,8,0.040210813
S22,Kumar,Silhoutte_Score_PhonGrp,9,0.040210813
S22,Kumar,Silhoutte_Score_PhonGrp,10,0.040210813
S22,Kumar,Silhoutte_Score_PhonGrp,11,0.040210813
S22,Kumar,Silhoutte_Score_PhonGrp,12,0.040210813
S22,Kumar,Silhoutte_Score_PhonGrp,13,0.040210813
S22,Kumar,Silhoutte_Score_PhonGrp,14,0.040210813
S22,Kumar,Silhoutte_Score_PhonGrp,15,0.040210813
S22,Kumar,Silhoutte_Score_PhonGrp,16,0.040210813
S22,Kumar,Silhoutte_Score_PhonGrp,17,0.040210813
S22,Kumar,Silhoutte_Score_PhonGrp,18,0.040210813
S22,Kumar,Silhoutte_Score_PhonGrp,19,0.040210813
S22,Kumar,Silhoutte_Score_PhonGrp,20,0.040210813
S22,Kumar,Silhoutte_Score_PhonGrp,21,0.040210813
S22,Kumar,Silhoutte_Score_PhonGrp,22,0.040210813
S22,Kumar,Silhoutte_Score_PhonGrp,23,0.040210813
S22,Kumar,Silhoutte_Score_PhonGrp,24,0.040210813
S22,Kumar,Silhoutte_Score_PhonGrp,25,0.040210813
S22,Kumar,Silhoutte_Score_PhonGrp,26,0.040210813
S22,Kumar,Silhoutte_Score_PhonGrp,27,0.040210813
S22,Kumar,Silhoutte_Score_PhonGrp,28,0.040210813
S22,Kumar,Silhoutte_Score_PhonGrp,29,0.040210813
S22,Kumar,Silhoutte_Score_PhonGrp,30,0.040210813
S22,Kumar,Silhoutte_Score_PhonGrp,31,0.040210813
S22,Kumar,Silhoutte_Score_PhonGrp,32,0.040210813
S22,Kumar,Silhoutte_Score_PhonGrp,33,0.040210813
S22,Kumar,Silhoutte_Score_PhonGrp,34,0.040210813
S22,Kumar,Silhoutte_Score_PhonGrp,35,0.040210813
S22,Kumar,Silhoutte_Score_PhonGrp,36,0.040210813
S22,Kumar,Silhoutte_Score_PhonGrp,37,0.040210813
S22,Kumar,Silhoutte_Score_PhonGrp,38,0.040210813
S22,Kumar,Silhoutte_Score_PhonGrp,39,0.040210813
S22,Kumar,Silhoutte_Score_PhonGrp,40,0.040210813
S22,Kumar,Silhoutte_Score_PhonGrp,41,0.040210813
S22,Kumar,Silhoutte_Score_PhonGrp,42,0.040210813
S22,Kumar,Silhoutte_Score_PhonGrp,43,0.040210813
S22,Kumar,Silhoutte_Score_PhonGrp,44,0.040210813
S22,Kumar,Silhoutte_Score_PhonGrp,45,0.040210813
S22,Kumar,Silhoutte_Score_PhonGrp,46,0.040210813
S22,Kumar,Silhoutte_Score_PhonGrp,47,0.040210813
S22,Kumar,Silhoutte_Score_PhonGrp,48,0.040210813
S22,Kumar,Silhoutte_Score_PhonGrp,49,0.040210813
S22,Kumar,Silhoutte_Score_PhonGrp,50,0.040210813
S22,Kumar,Silhoutte_Score_PhonType,1,0.06751878
S22,Kumar,Silhoutte_Score_PhonType,2,0.06751878
S22,Kumar,Silhoutte_Score_PhonType,3,0.06751878
S22,Kumar,Silhoutte_Score_PhonType,4,0.06751878
S22,Kumar,Silhoutte_Score_PhonType,5,0.06751878
S22,Kumar,Silhoutte_Score_PhonType,6,0.06751878
S22,Kumar,Silhoutte_Score_PhonType,7,0.06751878
S22,Kumar,Silhoutte_Score_PhonType,8,0.06751878
S22,Kumar,Silhoutte_Score_PhonType,9,0.06751878
S22,Kumar,Silhoutte_Score_PhonType,10,0.06751878
S22,Kumar,Silhoutte_Score_PhonType,11,0.06751878
S22,Kumar,Silhoutte_Score_PhonType,12,0.06751878
S22,Kumar,Silhoutte_Score_PhonType,13,0.06751878
S22,Kumar,Silhoutte_Score_PhonType,14,0.06751878
S22,Kumar,Silhoutte_Score_PhonType,15,0.06751878
S22,Kumar,Silhoutte_Score_PhonType,16,0.06751878
S22,Kumar,Silhoutte_Score_PhonType,17,0.06751878
S22,Kumar,Silhoutte_Score_PhonType,18,0.06751878
S22,Kumar,Silhoutte_Score_PhonType,19,0.06751878
S22,Kumar,Silhoutte_Score_PhonType,20,0.06751878
S22,Kumar,Silhoutte_Score_PhonType,21,0.06751878
S22,Kumar,Silhoutte_Score_PhonType,22,0.06751878
S22,Kumar,Silhoutte_Score_PhonType,23,0.06751878
S22,Kumar,Silhoutte_Score_PhonType,24,0.06751878
S22,Kumar,Silhoutte_Score_PhonType,25,0.06751878
S22,Kumar,Silhoutte_Score_PhonType,26,0.06751878
S22,Kumar,Silhoutte_Score_PhonType,27,0.06751878
S22,Kumar,Silhoutte_Score_PhonType,28,0.06751878
S22,Kumar,Silhoutte_Score_PhonType,29,0.06751878
S22,Kumar,Silhoutte_Score_PhonType,30,0.06751878
S22,Kumar,Silhoutte_Score_PhonType,31,0.06751878
S22,Kumar,Silhoutte_Score_PhonType,32,0.06751878
S22,Kumar,Silhoutte_Score_PhonType,33,0.06751878
S22,Kumar,Silhoutte_Score_PhonType,34,0.06751878
S22,Kumar,Silhoutte_Score_PhonType,35,0.06751878
S22,Kumar,Silhoutte_Score_PhonType,36,0.06751878
S22,Kumar,Silhoutte_Score_PhonType,37,0.06751878
S22,Kumar,Silhoutte_Score_PhonType,38,0.06751878
S22,Kumar,Silhoutte_Score_PhonType,39,0.06751878
S22,Kumar,Silhoutte_Score_PhonType,40,0.06751878
S22,Kumar,Silhoutte_Score_PhonType,41,0.06751878
S22,Kumar,Silhoutte_Score_PhonType,42,0.06751878
S22,Kumar,Silhoutte_Score_PhonType,43,0.06751878
S22,Kumar,Silhoutte_Score_PhonType,44,0.06751878
S22,Kumar,Silhoutte_Score_PhonType,45,0.06751878
S22,Kumar,Silhoutte_Score_PhonType,46,0.06751878
S22,Kumar,Silhoutte_Score_PhonType,47,0.06751878
S22,Kumar,Silhoutte_Score_PhonType,48,0.06751878
S22,Kumar,Silhoutte_Score_PhonType,49,0.06751878
S22,Kumar,Silhoutte_Score_PhonType,50,0.06751878
S22,MFA,Silhouette_Score_PhonChance,1,0.050130766
S22,MFA,Silhouette_Score_PhonChance,2,0.048375115
S22,MFA,Silhouette_Score_PhonChance,3,0.09460627
S22,MFA,Silhouette_Score_PhonChance,4,0.042050883
S22,MFA,Silhouette_Score_PhonChance,5,0.047793567
S22,MFA,Silhouette_Score_PhonChance,6,0.058413632
S22,MFA,Silhouette_Score_PhonChance,7,0.03413058
S22,MFA,Silhouette_Score_PhonChance,8,0.07999886
S22,MFA,Silhouette_Score_PhonChance,9,0.050598253
S22,MFA,Silhouette_Score_PhonChance,10,0.045637686
S22,MFA,Silhouette_Score_PhonChance,11,0.070322454
S22,MFA,Silhouette_Score_PhonChance,12,0.118104875
S22,MFA,Silhouette_Score_PhonChance,13,0.034764312
S22,MFA,Silhouette_Score_PhonChance,14,0.14644322
S22,MFA,Silhouette_Score_PhonChance,15,0.0947946
S22,MFA,Silhouette_Score_PhonChance,16,0.070735596
S22,MFA,Silhouette_Score_PhonChance,17,0.095559485
S22,MFA,Silhouette_Score_PhonChance,18,0.017370125
S22,MFA,Silhouette_Score_PhonChance,19,0.029441146
S22,MFA,Silhouette_Score_PhonChance,20,0.072714426
S22,MFA,Silhouette_Score_PhonChance,21,0.06491794
S22,MFA,Silhouette_Score_PhonChance,22,0.0957397
S22,MFA,Silhouette_Score_PhonChance,23,0.028258987
S22,MFA,Silhouette_Score_PhonChance,24,0.05926485
S22,MFA,Silhouette_Score_PhonChance,25,0.063345976
S22,MFA,Silhouette_Score_PhonChance,26,0.16371569
S22,MFA,Silhouette_Score_PhonChance,27,0.05281804
S22,MFA,Silhouette_Score_PhonChance,28,0.0537886
S22,MFA,Silhouette_Score_PhonChance,29,0.106836714
S22,MFA,Silhouette_Score_PhonChance,30,0.028892618
S22,MFA,Silhouette_Score_PhonChance,31,0.056396767
S22,MFA,Silhouette_Score_PhonChance,32,0.055510566
S22,MFA,Silhouette_Score_PhonChance,33,0.04873351
S22,MFA,Silhouette_Score_PhonChance,34,0.07629422
S22,MFA,Silhouette_Score_PhonChance,35,0.10357153
S22,MFA,Silhouette_Score_PhonChance,36,0.07745313
S22,MFA,Silhouette_Score_PhonChance,37,0.084324725
S22,MFA,Silhouette_Score_PhonChance,38,0.034724083
S22,MFA,Silhouette_Score_PhonChance,39,0.057997268
S22,MFA,Silhouette_Score_PhonChance,40,0.060243458
S22,MFA,Silhouette_Score_PhonChance,41,0.06545331
S22,MFA,Silhouette_Score_PhonChance,42,0.14379148
S22,MFA,Silhouette_Score_PhonChance,43,0.051073458
S22,MFA,Silhouette_Score_PhonChance,44,0.101639375
S22,MFA,Silhouette_Score_PhonChance,45,0.07675383
S22,MFA,Silhouette_Score_PhonChance,46,0.024358356
S22,MFA,Silhouette_Score_PhonChance,47,0.061413947
S22,MFA,Silhouette_Score_PhonChance,48,0.022629712
S22,MFA,Silhouette_Score_PhonChance,49,0.04826666
S22,MFA,Silhouette_Score_PhonChance,50,0.10469838
S22,MFA,Silhoutte_Score_Phon,1,0.030061862
S22,MFA,Silhoutte_Score_Phon,2,0.030061862
S22,MFA,Silhoutte_Score_Phon,3,0.030061862
S22,MFA,Silhoutte_Score_Phon,4,0.030061862
S22,MFA,Silhoutte_Score_Phon,5,0.030061862
S22,MFA,Silhoutte_Score_Phon,6,0.030061862
S22,MFA,Silhoutte_Score_Phon,7,0.030061862
S22,MFA,Silhoutte_Score_Phon,8,0.030061862
S22,MFA,Silhoutte_Score_Phon,9,0.030061862
S22,MFA,Silhoutte_Score_Phon,10,0.030061862
S22,MFA,Silhoutte_Score_Phon,11,0.030061862
S22,MFA,Silhoutte_Score_Phon,12,0.030061862
S22,MFA,Silhoutte_Score_Phon,13,0.030061862
S22,MFA,Silhoutte_Score_Phon,14,0.030061862
S22,MFA,Silhoutte_Score_Phon,15,0.030061862
S22,MFA,Silhoutte_Score_Phon,16,0.030061862
S22,MFA,Silhoutte_Score_Phon,17,0.030061862
S22,MFA,Silhoutte_Score_Phon,18,0.030061862
S22,MFA,Silhoutte_Score_Phon,19,0.030061862
S22,MFA,Silhoutte_Score_Phon,20,0.030061862
S22,MFA,Silhoutte_Score_Phon,21,0.030061862
S22,MFA,Silhoutte_Score_Phon,22,0.030061862
S22,MFA,Silhoutte_Score_Phon,23,0.030061862
S22,MFA,Silhoutte_Score_Phon,24,0.030061862
S22,MFA,Silhoutte_Score_Phon,25,0.030061862
S22,MFA,Silhoutte_Score_Phon,26,0.030061862
S22,MFA,Silhoutte_Score_Phon,27,0.030061862
S22,MFA,Silhoutte_Score_Phon,28,0.030061862
S22,MFA,Silhoutte_Score_Phon,29,0.030061862
S22,MFA,Silhoutte_Score_Phon,30,0.030061862
S22,MFA,Silhoutte_Score_Phon,31,0.030061862
S22,MFA,Silhoutte_Score_Phon,32,0.030061862
S22,MFA,Silhoutte_Score_Phon,33,0.030061862
S22,MFA,Silhoutte_Score_Phon,34,0.030061862
S22,MFA,Silhoutte_Score_Phon,35,0.030061862
S22,MFA,Silhoutte_Score_Phon,36,0.030061862
S22,MFA,Silhoutte_Score_Phon,37,0.030061862
S22,MFA,Silhoutte_Score_Phon,38,0.030061862
S22,MFA,Silhoutte_Score_Phon,39,0.030061862
S22,MFA,Silhoutte_Score_Phon,40,0.030061862
S22,MFA,Silhoutte_Score_Phon,41,0.030061862
S22,MFA,Silhoutte_Score_Phon,42,0.030061862
S22,MFA,Silhoutte_Score_Phon,43,0.030061862
S22,MFA,Silhoutte_Score_Phon,44,0.030061862
S22,MFA,Silhoutte_Score_Phon,45,0.030061862
S22,MFA,Silhoutte_Score_Phon,46,0.030061862
S22,MFA,Silhoutte_Score_Phon,47,0.030061862
S22,MFA,Silhoutte_Score_Phon,48,0.030061862
S22,MFA,Silhoutte_Score_Phon,49,0.030061862
S22,MFA,Silhoutte_Score_Phon,50,0.030061862
S22,MFA,Silhoutte_Score_PhonGrp,1,0.03879969
S22,MFA,Silhoutte_Score_PhonGrp,2,0.03879969
S22,MFA,Silhoutte_Score_PhonGrp,3,0.03879969
S22,MFA,Silhoutte_Score_PhonGrp,4,0.03879969
S22,MFA,Silhoutte_Score_PhonGrp,5,0.03879969
S22,MFA,Silhoutte_Score_PhonGrp,6,0.03879969
S22,MFA,Silhoutte_Score_PhonGrp,7,0.03879969
S22,MFA,Silhoutte_Score_PhonGrp,8,0.03879969
S22,MFA,Silhoutte_Score_PhonGrp,9,0.03879969
S22,MFA,Silhoutte_Score_PhonGrp,10,0.03879969
S22,MFA,Silhoutte_Score_PhonGrp,11,0.03879969
S22,MFA,Silhoutte_Score_PhonGrp,12,0.03879969
S22,MFA,Silhoutte_Score_PhonGrp,13,0.03879969
S22,MFA,Silhoutte_Score_PhonGrp,14,0.03879969
S22,MFA,Silhoutte_Score_PhonGrp,15,0.03879969
S22,MFA,Silhoutte_Score_PhonGrp,16,0.03879969
S22,MFA,Silhoutte_Score_PhonGrp,17,0.03879969
S22,MFA,Silhoutte_Score_PhonGrp,18,0.03879969
S22,MFA,Silhoutte_Score_PhonGrp,19,0.03879969
S22,MFA,Silhoutte_Score_PhonGrp,20,0.03879969
S22,MFA,Silhoutte_Score_PhonGrp,21,0.03879969
S22,MFA,Silhoutte_Score_PhonGrp,22,0.03879969
S22,MFA,Silhoutte_Score_PhonGrp,23,0.03879969
S22,MFA,Silhoutte_Score_PhonGrp,24,0.03879969
S22,MFA,Silhoutte_Score_PhonGrp,25,0.03879969
S22,MFA,Silhoutte_Score_PhonGrp,26,0.03879969
S22,MFA,Silhoutte_Score_PhonGrp,27,0.03879969
S22,MFA,Silhoutte_Score_PhonGrp,28,0.03879969
S22,MFA,Silhoutte_Score_PhonGrp,29,0.03879969
S22,MFA,Silhoutte_Score_PhonGrp,30,0.03879969
S22,MFA,Silhoutte_Score_PhonGrp,31,0.03879969
S22,MFA,Silhoutte_Score_PhonGrp,32,0.03879969
S22,MFA,Silhoutte_Score_PhonGrp,33,0.03879969
S22,MFA,Silhoutte_Score_PhonGrp,34,0.03879969
S22,MFA,Silhoutte_Score_PhonGrp,35,0.03879969
S22,MFA,Silhoutte_Score_PhonGrp,36,0.03879969
S22,MFA,Silhoutte_Score_PhonGrp,37,0.03879969
S22,MFA,Silhoutte_Score_PhonGrp,38,0.03879969
S22,MFA,Silhoutte_Score_PhonGrp,39,0.03879969
S22,MFA,Silhoutte_Score_PhonGrp,40,0.03879969
S22,MFA,Silhoutte_Score_PhonGrp,41,0.03879969
S22,MFA,Silhoutte_Score_PhonGrp,42,0.03879969
S22,MFA,Silhoutte_Score_PhonGrp,43,0.03879969
S22,MFA,Silhoutte_Score_PhonGrp,44,0.03879969
S22,MFA,Silhoutte_Score_PhonGrp,45,0.03879969
S22,MFA,Silhoutte_Score_PhonGrp,46,0.03879969
S22,MFA,Silhoutte_Score_PhonGrp,47,0.03879969
S22,MFA,Silhoutte_Score_PhonGrp,48,0.03879969
S22,MFA,Silhoutte_Score_PhonGrp,49,0.03879969
S22,MFA,Silhoutte_Score_PhonGrp,50,0.03879969
S22,MFA,Silhoutte_Score_PhonType,1,0.06732201
S22,MFA,Silhoutte_Score_PhonType,2,0.06732201
S22,MFA,Silhoutte_Score_PhonType,3,0.06732201
S22,MFA,Silhoutte_Score_PhonType,4,0.06732201
S22,MFA,Silhoutte_Score_PhonType,5,0.06732201
S22,MFA,Silhoutte_Score_PhonType,6,0.06732201
S22,MFA,Silhoutte_Score_PhonType,7,0.06732201
S22,MFA,Silhoutte_Score_PhonType,8,0.06732201
S22,MFA,Silhoutte_Score_PhonType,9,0.06732201
S22,MFA,Silhoutte_Score_PhonType,10,0.06732201
S22,MFA,Silhoutte_Score_PhonType,11,0.06732201
S22,MFA,Silhoutte_Score_PhonType,12,0.06732201
S22,MFA,Silhoutte_Score_PhonType,13,0.06732201
S22,MFA,Silhoutte_Score_PhonType,14,0.06732201
S22,MFA,Silhoutte_Score_PhonType,15,0.06732201
S22,MFA,Silhoutte_Score_PhonType,16,0.06732201
S22,MFA,Silhoutte_Score_PhonType,17,0.06732201
S22,MFA,Silhoutte_Score_PhonType,18,0.06732201
S22,MFA,Silhoutte_Score_PhonType,19,0.06732201
S22,MFA,Silhoutte_Score_PhonType,20,0.06732201
S22,MFA,Silhoutte_Score_PhonType,21,0.06732201
S22,MFA,Silhoutte_Score_PhonType,22,0.06732201
S22,MFA,Silhoutte_Score_PhonType,23,0.06732201
S22,MFA,Silhoutte_Score_PhonType,24,0.06732201
S22,MFA,Silhoutte_Score_PhonType,25,0.06732201
S22,MFA,Silhoutte_Score_PhonType,26,0.06732201
S22,MFA,Silhoutte_Score_PhonType,27,0.06732201
S22,MFA,Silhoutte_Score_PhonType,28,0.06732201
S22,MFA,Silhoutte_Score_PhonType,29,0.06732201
S22,MFA,Silhoutte_Score_PhonType,30,0.06732201
S22,MFA,Silhoutte_Score_PhonType,31,0.06732201
S22,MFA,Silhoutte_Score_PhonType,32,0.06732201
S22,MFA,Silhoutte_Score_PhonType,33,0.06732201
S22,MFA,Silhoutte_Score_PhonType,34,0.06732201
S22,MFA,Silhoutte_Score_PhonType,35,0.06732201
S22,MFA,Silhoutte_Score_PhonType,36,0.06732201
S22,MFA,Silhoutte_Score_PhonType,37,0.06732201
S22,MFA,Silhoutte_Score_PhonType,38,0.06732201
S22,MFA,Silhoutte_Score_PhonType,39,0.06732201
S22,MFA,Silhoutte_Score_PhonType,40,0.06732201
S22,MFA,Silhoutte_Score_PhonType,41,0.06732201
S22,MFA,Silhoutte_Score_PhonType,42,0.06732201
S22,MFA,Silhoutte_Score_PhonType,43,0.06732201
S22,MFA,Silhoutte_Score_PhonType,44,0.06732201
S22,MFA,Silhoutte_Score_PhonType,45,0.06732201
S22,MFA,Silhoutte_Score_PhonType,46,0.06732201
S22,MFA,Silhoutte_Score_PhonType,47,0.06732201
S22,MFA,Silhoutte_Score_PhonType,48,0.06732201
S22,MFA,Silhoutte_Score_PhonType,49,0.06732201
S22,MFA,Silhoutte_Score_PhonType,50,0.06732201
S23,Kumar,Silhouette_Score_PhonChance,1,0.10386038
S23,Kumar,Silhouette_Score_PhonChance,2,0.017269153
S23,Kumar,Silhouette_Score_PhonChance,3,0.17460252
S23,Kumar,Silhouette_Score_PhonChance,4,0.042362247
S23,Kumar,Silhouette_Score_PhonChance,5,0.07879784
S23,Kumar,Silhouette_Score_PhonChance,6,0.10668655
S23,Kumar,Silhouette_Score_PhonChance,7,0.071505964
S23,Kumar,Silhouette_Score_PhonChance,8,0.12278093
S23,Kumar,Silhouette_Score_PhonChance,9,0.0558967
S23,Kumar,Silhouette_Score_PhonChance,10,0.024509825
S23,Kumar,Silhouette_Score_PhonChance,11,0.041601058
S23,Kumar,Silhouette_Score_PhonChance,12,0.08119973
S23,Kumar,Silhouette_Score_PhonChance,13,0.041086942
S23,Kumar,Silhouette_Score_PhonChance,14,0.042755216
S23,Kumar,Silhouette_Score_PhonChance,15,0.029284198
S23,Kumar,Silhouette_Score_PhonChance,16,0.07925726
S23,Kumar,Silhouette_Score_PhonChance,17,0.07165393
S23,Kumar,Silhouette_Score_PhonChance,18,0.06221187
S23,Kumar,Silhouette_Score_PhonChance,19,0.09898637
S23,Kumar,Silhouette_Score_PhonChance,20,0.018050175
S23,Kumar,Silhouette_Score_PhonChance,21,0.15089317
S23,Kumar,Silhouette_Score_PhonChance,22,0.05363557
S23,Kumar,Silhouette_Score_PhonChance,23,0.08086045
S23,Kumar,Silhouette_Score_PhonChance,24,0.12961541
S23,Kumar,Silhouette_Score_PhonChance,25,0.053339828
S23,Kumar,Silhouette_Score_PhonChance,26,0.027721934
S23,Kumar,Silhouette_Score_PhonChance,27,0.14139892
S23,Kumar,Silhouette_Score_PhonChance,28,0.038410112
S23,Kumar,Silhouette_Score_PhonChance,29,0.045997094
S23,Kumar,Silhouette_Score_PhonChance,30,0.10156654
S23,Kumar,Silhouette_Score_PhonChance,31,0.050076056
S23,Kumar,Silhouette_Score_PhonChance,32,0.07287003
S23,Kumar,Silhouette_Score_PhonChance,33,0.057070892
S23,Kumar,Silhouette_Score_PhonChance,34,0.11468194
S23,Kumar,Silhouette_Score_PhonChance,35,0.07480898
S23,Kumar,Silhouette_Score_PhonChance,36,0.07429862
S23,Kumar,Silhouette_Score_PhonChance,37,0.0295405
S23,Kumar,Silhouette_Score_PhonChance,38,0.07449846
S23,Kumar,Silhouette_Score_PhonChance,39,0.0823709
S23,Kumar,Silhouette_Score_PhonChance,40,0.0821667
S23,Kumar,Silhouette_Score_PhonChance,41,0.069092005
S23,Kumar,Silhouette_Score_PhonChance,42,0.07981542
S23,Kumar,Silhouette_Score_PhonChance,43,0.03216591
S23,Kumar,Silhouette_Score_PhonChance,44,0.10674968
S23,Kumar,Silhouette_Score_PhonChance,45,0.052059073
S23,Kumar,Silhouette_Score_PhonChance,46,0.024434483
S23,Kumar,Silhouette_Score_PhonChance,47,0.044848006
S23,Kumar,Silhouette_Score_PhonChance,48,0.16252723
S23,Kumar,Silhouette_Score_PhonChance,49,0.04206631
S23,Kumar,Silhouette_Score_PhonChance,50,0.04943967
S23,Kumar,Silhoutte_Score_Phon,1,0.078560814
S23,Kumar,Silhoutte_Score_Phon,2,0.078560814
S23,Kumar,Silhoutte_Score_Phon,3,0.078560814
S23,Kumar,Silhoutte_Score_Phon,4,0.078560814
S23,Kumar,Silhoutte_Score_Phon,5,0.078560814
S23,Kumar,Silhoutte_Score_Phon,6,0.078560814
S23,Kumar,Silhoutte_Score_Phon,7,0.078560814
S23,Kumar,Silhoutte_Score_Phon,8,0.078560814
S23,Kumar,Silhoutte_Score_Phon,9,0.078560814
S23,Kumar,Silhoutte_Score_Phon,10,0.078560814
S23,Kumar,Silhoutte_Score_Phon,11,0.078560814
S23,Kumar,Silhoutte_Score_Phon,12,0.078560814
S23,Kumar,Silhoutte_Score_Phon,13,0.078560814
S23,Kumar,Silhoutte_Score_Phon,14,0.078560814
S23,Kumar,Silhoutte_Score_Phon,15,0.078560814
S23,Kumar,Silhoutte_Score_Phon,16,0.078560814
S23,Kumar,Silhoutte_Score_Phon,17,0.078560814
S23,Kumar,Silhoutte_Score_Phon,18,0.078560814
S23,Kumar,Silhoutte_Score_Phon,19,0.078560814
S23,Kumar,Silhoutte_Score_Phon,20,0.078560814
S23,Kumar,Silhoutte_Score_Phon,21,0.078560814
S23,Kumar,Silhoutte_Score_Phon,22,0.078560814
S23,Kumar,Silhoutte_Score_Phon,23,0.078560814
S23,Kumar,Silhoutte_Score_Phon,24,0.078560814
S23,Kumar,Silhoutte_Score_Phon,25,0.078560814
S23,Kumar,Silhoutte_Score_Phon,26,0.078560814
S23,Kumar,Silhoutte_Score_Phon,27,0.078560814
S23,Kumar,Silhoutte_Score_Phon,28,0.078560814
S23,Kumar,Silhoutte_Score_Phon,29,0.078560814
S23,Kumar,Silhoutte_Score_Phon,30,0.078560814
S23,Kumar,Silhoutte_Score_Phon,31,0.078560814
S23,Kumar,Silhoutte_Score_Phon,32,0.078560814
S23,Kumar,Silhoutte_Score_Phon,33,0.078560814
S23,Kumar,Silhoutte_Score_Phon,34,0.078560814
S23,Kumar,Silhoutte_Score_Phon,35,0.078560814
S23,Kumar,Silhoutte_Score_Phon,36,0.078560814
S23,Kumar,Silhoutte_Score_Phon,37,0.078560814
S23,Kumar,Silhoutte_Score_Phon,38,0.078560814
S23,Kumar,Silhoutte_Score_Phon,39,0.078560814
S23,Kumar,Silhoutte_Score_Phon,40,0.078560814
S23,Kumar,Silhoutte_Score_Phon,41,0.078560814
S23,Kumar,Silhoutte_Score_Phon,42,0.078560814
S23,Kumar,Silhoutte_Score_Phon,43,0.078560814
S23,Kumar,Silhoutte_Score_Phon,44,0.078560814
S23,Kumar,Silhoutte_Score_Phon,45,0.078560814
S23,Kumar,Silhoutte_Score_Phon,46,0.078560814
S23,Kumar,Silhoutte_Score_Phon,47,0.078560814
S23,Kumar,Silhoutte_Score_Phon,48,0.078560814
S23,Kumar,Silhoutte_Score_Phon,49,0.078560814
S23,Kumar,Silhoutte_Score_Phon,50,0.078560814
S23,Kumar,Silhoutte_Score_PhonGrp,1,0.19579601
S23,Kumar,Silhoutte_Score_PhonGrp,2,0.19579601
S23,Kumar,Silhoutte_Score_PhonGrp,3,0.19579601
S23,Kumar,Silhoutte_Score_PhonGrp,4,0.19579601
S23,Kumar,Silhoutte_Score_PhonGrp,5,0.19579601
S23,Kumar,Silhoutte_Score_PhonGrp,6,0.19579601
S23,Kumar,Silhoutte_Score_PhonGrp,7,0.19579601
S23,Kumar,Silhoutte_Score_PhonGrp,8,0.19579601
S23,Kumar,Silhoutte_Score_PhonGrp,9,0.19579601
S23,Kumar,Silhoutte_Score_PhonGrp,10,0.19579601
S23,Kumar,Silhoutte_Score_PhonGrp,11,0.19579601
S23,Kumar,Silhoutte_Score_PhonGrp,12,0.19579601
S23,Kumar,Silhoutte_Score_PhonGrp,13,0.19579601
S23,Kumar,Silhoutte_Score_PhonGrp,14,0.19579601
S23,Kumar,Silhoutte_Score_PhonGrp,15,0.19579601
S23,Kumar,Silhoutte_Score_PhonGrp,16,0.19579601
S23,Kumar,Silhoutte_Score_PhonGrp,17,0.19579601
S23,Kumar,Silhoutte_Score_PhonGrp,18,0.19579601
S23,Kumar,Silhoutte_Score_PhonGrp,19,0.19579601
S23,Kumar,Silhoutte_Score_PhonGrp,20,0.19579601
S23,Kumar,Silhoutte_Score_PhonGrp,21,0.19579601
S23,Kumar,Silhoutte_Score_PhonGrp,22,0.19579601
S23,Kumar,Silhoutte_Score_PhonGrp,23,0.19579601
S23,Kumar,Silhoutte_Score_PhonGrp,24,0.19579601
S23,Kumar,Silhoutte_Score_PhonGrp,25,0.19579601
S23,Kumar,Silhoutte_Score_PhonGrp,26,0.19579601
S23,Kumar,Silhoutte_Score_PhonGrp,27,0.19579601
S23,Kumar,Silhoutte_Score_PhonGrp,28,0.19579601
S23,Kumar,Silhoutte_Score_PhonGrp,29,0.19579601
S23,Kumar,Silhoutte_Score_PhonGrp,30,0.19579601
S23,Kumar,Silhoutte_Score_PhonGrp,31,0.19579601
S23,Kumar,Silhoutte_Score_PhonGrp,32,0.19579601
S23,Kumar,Silhoutte_Score_PhonGrp,33,0.19579601
S23,Kumar,Silhoutte_Score_PhonGrp,34,0.19579601
S23,Kumar,Silhoutte_Score_PhonGrp,35,0.19579601
S23,Kumar,Silhoutte_Score_PhonGrp,36,0.19579601
S23,Kumar,Silhoutte_Score_PhonGrp,37,0.19579601
S23,Kumar,Silhoutte_Score_PhonGrp,38,0.19579601
S23,Kumar,Silhoutte_Score_PhonGrp,39,0.19579601
S23,Kumar,Silhoutte_Score_PhonGrp,40,0.19579601
S23,Kumar,Silhoutte_Score_PhonGrp,41,0.19579601
S23,Kumar,Silhoutte_Score_PhonGrp,42,0.19579601
S23,Kumar,Silhoutte_Score_PhonGrp,43,0.19579601
S23,Kumar,Silhoutte_Score_PhonGrp,44,0.19579601
S23,Kumar,Silhoutte_Score_PhonGrp,45,0.19579601
S23,Kumar,Silhoutte_Score_PhonGrp,46,0.19579601
S23,Kumar,Silhoutte_Score_PhonGrp,47,0.19579601
S23,Kumar,Silhoutte_Score_PhonGrp,48,0.19579601
S23,Kumar,Silhoutte_Score_PhonGrp,49,0.19579601
S23,Kumar,Silhoutte_Score_PhonGrp,50,0.19579601
S23,Kumar,Silhoutte_Score_PhonType,1,0.1535381
S23,Kumar,Silhoutte_Score_PhonType,2,0.1535381
S23,Kumar,Silhoutte_Score_PhonType,3,0.1535381
S23,Kumar,Silhoutte_Score_PhonType,4,0.1535381
S23,Kumar,Silhoutte_Score_PhonType,5,0.1535381
S23,Kumar,Silhoutte_Score_PhonType,6,0.1535381
S23,Kumar,Silhoutte_Score_PhonType,7,0.1535381
S23,Kumar,Silhoutte_Score_PhonType,8,0.1535381
S23,Kumar,Silhoutte_Score_PhonType,9,0.1535381
S23,Kumar,Silhoutte_Score_PhonType,10,0.1535381
S23,Kumar,Silhoutte_Score_PhonType,11,0.1535381
S23,Kumar,Silhoutte_Score_PhonType,12,0.1535381
S23,Kumar,Silhoutte_Score_PhonType,13,0.1535381
S23,Kumar,Silhoutte_Score_PhonType,14,0.1535381
S23,Kumar,Silhoutte_Score_PhonType,15,0.1535381
S23,Kumar,Silhoutte_Score_PhonType,16,0.1535381
S23,Kumar,Silhoutte_Score_PhonType,17,0.1535381
S23,Kumar,Silhoutte_Score_PhonType,18,0.1535381
S23,Kumar,Silhoutte_Score_PhonType,19,0.1535381
S23,Kumar,Silhoutte_Score_PhonType,20,0.1535381
S23,Kumar,Silhoutte_Score_PhonType,21,0.1535381
S23,Kumar,Silhoutte_Score_PhonType,22,0.1535381
S23,Kumar,Silhoutte_Score_PhonType,23,0.1535381
S23,Kumar,Silhoutte_Score_PhonType,24,0.1535381
S23,Kumar,Silhoutte_Score_PhonType,25,0.1535381
S23,Kumar,Silhoutte_Score_PhonType,26,0.1535381
S23,Kumar,Silhoutte_Score_PhonType,27,0.1535381
S23,Kumar,Silhoutte_Score_PhonType,28,0.1535381
S23,Kumar,Silhoutte_Score_PhonType,29,0.1535381
S23,Kumar,Silhoutte_Score_PhonType,30,0.1535381
S23,Kumar,Silhoutte_Score_PhonType,31,0.1535381
S23,Kumar,Silhoutte_Score_PhonType,32,0.1535381
S23,Kumar,Silhoutte_Score_PhonType,33,0.1535381
S23,Kumar,Silhoutte_Score_PhonType,34,0.1535381
S23,Kumar,Silhoutte_Score_PhonType,35,0.1535381
S23,Kumar,Silhoutte_Score_PhonType,36,0.1535381
S23,Kumar,Silhoutte_Score_PhonType,37,0.1535381
S23,Kumar,Silhoutte_Score_PhonType,38,0.1535381
S23,Kumar,Silhoutte_Score_PhonType,39,0.1535381
S23,Kumar,Silhoutte_Score_PhonType,40,0.1535381
S23,Kumar,Silhoutte_Score_PhonType,41,0.1535381
S23,Kumar,Silhoutte_Score_PhonType,42,0.1535381
S23,Kumar,Silhoutte_Score_PhonType,43,0.1535381
S23,Kumar,Silhoutte_Score_PhonType,44,0.1535381
S23,Kumar,Silhoutte_Score_PhonType,45,0.1535381
S23,Kumar,Silhoutte_Score_PhonType,46,0.1535381
S23,Kumar,Silhoutte_Score_PhonType,47,0.1535381
S23,Kumar,Silhoutte_Score_PhonType,48,0.1535381
S23,Kumar,Silhoutte_Score_PhonType,49,0.1535381
S23,Kumar,Silhoutte_Score_PhonType,50,0.1535381
S23,MFA,Silhouette_Score_PhonChance,1,0.1559679
S23,MFA,Silhouette_Score_PhonChance,2,0.059658043
S23,MFA,Silhouette_Score_PhonChance,3,0.15626916
S23,MFA,Silhouette_Score_PhonChance,4,0.09279705
S23,MFA,Silhouette_Score_PhonChance,5,0.068797104
S23,MFA,Silhouette_Score_PhonChance,6,0.09892319
S23,MFA,Silhouette_Score_PhonChance,7,0.06427086
S23,MFA,Silhouette_Score_PhonChance,8,0.034709793
S23,MFA,Silhouette_Score_PhonChance,9,0.046732314
S23,MFA,Silhouette_Score_PhonChance,10,0.13231343
S23,MFA,Silhouette_Score_PhonChance,11,0.029119017
S23,MFA,Silhouette_Score_PhonChance,12,0.07295167
S23,MFA,Silhouette_Score_PhonChance,13,0.06793367
S23,MFA,Silhouette_Score_PhonChance,14,0.079301044
S23,MFA,Silhouette_Score_PhonChance,15,0.05175537
S23,MFA,Silhouette_Score_PhonChance,16,0.044291362
S23,MFA,Silhouette_Score_PhonChance,17,0.09390642
S23,MFA,Silhouette_Score_PhonChance,18,0.05724307
S23,MFA,Silhouette_Score_PhonChance,19,0.10884811
S23,MFA,Silhouette_Score_PhonChance,20,0.053056076
S23,MFA,Silhouette_Score_PhonChance,21,0.040578455
S23,MFA,Silhouette_Score_PhonChance,22,0.04223725
S23,MFA,Silhouette_Score_PhonChance,23,0.090712845
S23,MFA,Silhouette_Score_PhonChance,24,0.039365772
S23,MFA,Silhouette_Score_PhonChance,25,0.121928714
S23,MFA,Silhouette_Score_PhonChance,26,0.10429286
S23,MFA,Silhouette_Score_PhonChance,27,0.03149873
S23,MFA,Silhouette_Score_PhonChance,28,0.085475706
S23,MFA,Silhouette_Score_PhonChance,29,0.030318845
S23,MFA,Silhouette_Score_PhonChance,30,0.03802743
S23,MFA,Silhouette_Score_PhonChance,31,0.028369734
S23,MFA,Silhouette_Score_PhonChance,32,0.036054526
S23,MFA,Silhouette_Score_PhonChance,33,0.011104758
S23,MFA,Silhouette_Score_PhonChance,34,0.11614409
S23,MFA,Silhouette_Score_PhonChance,35,0.09423354
S23,MFA,Silhouette_Score_PhonChance,36,0.040009495
S23,MFA,Silhouette_Score_PhonChance,37,0.027828759
S23,MFA,Silhouette_Score_PhonChance,38,0.097173735
S23,MFA,Silhouette_Score_PhonChance,39,0.06307019
S23,MFA,Silhouette_Score_PhonChance,40,0.058109142
S23,MFA,Silhouette_Score_PhonChance,41,0.040401913
S23,MFA,Silhouette_Score_PhonChance,42,0.081804395
S23,MFA,Silhouette_Score_PhonChance,43,0.07482264
S23,MFA,Silhouette_Score_PhonChance,44,0.10922994
S23,MFA,Silhouette_Score_PhonChance,45,0.07716465
S23,MFA,Silhouette_Score_PhonChance,46,0.07132817
S23,MFA,Silhouette_Score_PhonChance,47,0.06534266
S23,MFA,Silhouette_Score_PhonChance,48,0.086005464
S23,MFA,Silhouette_Score_PhonChance,49,0.056686565
S23,MFA,Silhouette_Score_PhonChance,50,0.029716516
S23,MFA,Silhoutte_Score_Phon,1,0.08932481
S23,MFA,Silhoutte_Score_Phon,2,0.08932481
S23,MFA,Silhoutte_Score_Phon,3,0.08932481
S23,MFA,Silhoutte_Score_Phon,4,0.08932481
S23,MFA,Silhoutte_Score_Phon,5,0.08932481
S23,MFA,Silhoutte_Score_Phon,6,0.08932481
S23,MFA,Silhoutte_Score_Phon,7,0.08932481
S23,MFA,Silhoutte_Score_Phon,8,0.08932481
S23,MFA,Silhoutte_Score_Phon,9,0.08932481
S23,MFA,Silhoutte_Score_Phon,10,0.08932481
S23,MFA,Silhoutte_Score_Phon,11,0.08932481
S23,MFA,Silhoutte_Score_Phon,12,0.08932481
S23,MFA,Silhoutte_Score_Phon,13,0.08932481
S23,MFA,Silhoutte_Score_Phon,14,0.08932481
S23,MFA,Silhoutte_Score_Phon,15,0.08932481
S23,MFA,Silhoutte_Score_Phon,16,0.08932481
S23,MFA,Silhoutte_Score_Phon,17,0.08932481
S23,MFA,Silhoutte_Score_Phon,18,0.08932481
S23,MFA,Silhoutte_Score_Phon,19,0.08932481
S23,MFA,Silhoutte_Score_Phon,20,0.08932481
S23,MFA,Silhoutte_Score_Phon,21,0.08932481
S23,MFA,Silhoutte_Score_Phon,22,0.08932481
S23,MFA,Silhoutte_Score_Phon,23,0.08932481
S23,MFA,Silhoutte_Score_Phon,24,0.08932481
S23,MFA,Silhoutte_Score_Phon,25,0.08932481
S23,MFA,Silhoutte_Score_Phon,26,0.08932481
S23,MFA,Silhoutte_Score_Phon,27,0.08932481
S23,MFA,Silhoutte_Score_Phon,28,0.08932481
S23,MFA,Silhoutte_Score_Phon,29,0.08932481
S23,MFA,Silhoutte_Score_Phon,30,0.08932481
S23,MFA,Silhoutte_Score_Phon,31,0.08932481
S23,MFA,Silhoutte_Score_Phon,32,0.08932481
S23,MFA,Silhoutte_Score_Phon,33,0.08932481
S23,MFA,Silhoutte_Score_Phon,34,0.08932481
S23,MFA,Silhoutte_Score_Phon,35,0.08932481
S23,MFA,Silhoutte_Score_Phon,36,0.08932481
S23,MFA,Silhoutte_Score_Phon,37,0.08932481
S23,MFA,Silhoutte_Score_Phon,38,0.08932481
S23,MFA,Silhoutte_Score_Phon,39,0.08932481
S23,MFA,Silhoutte_Score_Phon,40,0.08932481
S23,MFA,Silhoutte_Score_Phon,41,0.08932481
S23,MFA,Silhoutte_Score_Phon,42,0.08932481
S23,MFA,Silhoutte_Score_Phon,43,0.08932481
S23,MFA,Silhoutte_Score_Phon,44,0.08932481
S23,MFA,Silhoutte_Score_Phon,45,0.08932481
S23,MFA,Silhoutte_Score_Phon,46,0.08932481
S23,MFA,Silhoutte_Score_Phon,47,0.08932481
S23,MFA,Silhoutte_Score_Phon,48,0.08932481
S23,MFA,Silhoutte_Score_Phon,49,0.08932481
S23,MFA,Silhoutte_Score_Phon,50,0.08932481
S23,MFA,Silhoutte_Score_PhonGrp,1,0.12622222
S23,MFA,Silhoutte_Score_PhonGrp,2,0.12622222
S23,MFA,Silhoutte_Score_PhonGrp,3,0.12622222
S23,MFA,Silhoutte_Score_PhonGrp,4,0.12622222
S23,MFA,Silhoutte_Score_PhonGrp,5,0.12622222
S23,MFA,Silhoutte_Score_PhonGrp,6,0.12622222
S23,MFA,Silhoutte_Score_PhonGrp,7,0.12622222
S23,MFA,Silhoutte_Score_PhonGrp,8,0.12622222
S23,MFA,Silhoutte_Score_PhonGrp,9,0.12622222
S23,MFA,Silhoutte_Score_PhonGrp,10,0.12622222
S23,MFA,Silhoutte_Score_PhonGrp,11,0.12622222
S23,MFA,Silhoutte_Score_PhonGrp,12,0.12622222
S23,MFA,Silhoutte_Score_PhonGrp,13,0.12622222
S23,MFA,Silhoutte_Score_PhonGrp,14,0.12622222
S23,MFA,Silhoutte_Score_PhonGrp,15,0.12622222
S23,MFA,Silhoutte_Score_PhonGrp,16,0.12622222
S23,MFA,Silhoutte_Score_PhonGrp,17,0.12622222
S23,MFA,Silhoutte_Score_PhonGrp,18,0.12622222
S23,MFA,Silhoutte_Score_PhonGrp,19,0.12622222
S23,MFA,Silhoutte_Score_PhonGrp,20,0.12622222
S23,MFA,Silhoutte_Score_PhonGrp,21,0.12622222
S23,MFA,Silhoutte_Score_PhonGrp,22,0.12622222
S23,MFA,Silhoutte_Score_PhonGrp,23,0.12622222
S23,MFA,Silhoutte_Score_PhonGrp,24,0.12622222
S23,MFA,Silhoutte_Score_PhonGrp,25,0.12622222
S23,MFA,Silhoutte_Score_PhonGrp,26,0.12622222
S23,MFA,Silhoutte_Score_PhonGrp,27,0.12622222
S23,MFA,Silhoutte_Score_PhonGrp,28,0.12622222
S23,MFA,Silhoutte_Score_PhonGrp,29,0.12622222
S23,MFA,Silhoutte_Score_PhonGrp,30,0.12622222
S23,MFA,Silhoutte_Score_PhonGrp,31,0.12622222
S23,MFA,Silhoutte_Score_PhonGrp,32,0.12622222
S23,MFA,Silhoutte_Score_PhonGrp,33,0.12622222
S23,MFA,Silhoutte_Score_PhonGrp,34,0.12622222
S23,MFA,Silhoutte_Score_PhonGrp,35,0.12622222
S23,MFA,Silhoutte_Score_PhonGrp,36,0.12622222
S23,MFA,Silhoutte_Score_PhonGrp,37,0.12622222
S23,MFA,Silhoutte_Score_PhonGrp,38,0.12622222
S23,MFA,Silhoutte_Score_PhonGrp,39,0.12622222
S23,MFA,Silhoutte_Score_PhonGrp,40,0.12622222
S23,MFA,Silhoutte_Score_PhonGrp,41,0.12622222
S23,MFA,Silhoutte_Score_PhonGrp,42,0.12622222
S23,MFA,Silhoutte_Score_PhonGrp,43,0.12622222
S23,MFA,Silhoutte_Score_PhonGrp,44,0.12622222
S23,MFA,Silhoutte_Score_PhonGrp,45,0.12622222
S23,MFA,Silhoutte_Score_PhonGrp,46,0.12622222
S23,MFA,Silhoutte_Score_PhonGrp,47,0.12622222
S23,MFA,Silhoutte_Score_PhonGrp,48,0.12622222
S23,MFA,Silhoutte_Score_PhonGrp,49,0.12622222
S23,MFA,Silhoutte_Score_PhonGrp,50,0.12622222
S23,MFA,Silhoutte_Score_PhonType,1,0.14116679
S23,MFA,Silhoutte_Score_PhonType,2,0.14116679
S23,MFA,Silhoutte_Score_PhonType,3,0.14116679
S23,MFA,Silhoutte_Score_PhonType,4,0.14116679
S23,MFA,Silhoutte_Score_PhonType,5,0.14116679
S23,MFA,Silhoutte_Score_PhonType,6,0.14116679
S23,MFA,Silhoutte_Score_PhonType,7,0.14116679
S23,MFA,Silhoutte_Score_PhonType,8,0.14116679
S23,MFA,Silhoutte_Score_PhonType,9,0.14116679
S23,MFA,Silhoutte_Score_PhonType,10,0.14116679
S23,MFA,Silhoutte_Score_PhonType,11,0.14116679
S23,MFA,Silhoutte_Score_PhonType,12,0.14116679
S23,MFA,Silhoutte_Score_PhonType,13,0.14116679
S23,MFA,Silhoutte_Score_PhonType,14,0.14116679
S23,MFA,Silhoutte_Score_PhonType,15,0.14116679
S23,MFA,Silhoutte_Score_PhonType,16,0.14116679
S23,MFA,Silhoutte_Score_PhonType,17,0.14116679
S23,MFA,Silhoutte_Score_PhonType,18,0.14116679
S23,MFA,Silhoutte_Score_PhonType,19,0.14116679
S23,MFA,Silhoutte_Score_PhonType,20,0.14116679
S23,MFA,Silhoutte_Score_PhonType,21,0.14116679
S23,MFA,Silhoutte_Score_PhonType,22,0.14116679
S23,MFA,Silhoutte_Score_PhonType,23,0.14116679
S23,MFA,Silhoutte_Score_PhonType,24,0.14116679
S23,MFA,Silhoutte_Score_PhonType,25,0.14116679
S23,MFA,Silhoutte_Score_PhonType,26,0.14116679
S23,MFA,Silhoutte_Score_PhonType,27,0.14116679
S23,MFA,Silhoutte_Score_PhonType,28,0.14116679
S23,MFA,Silhoutte_Score_PhonType,29,0.14116679
S23,MFA,Silhoutte_Score_PhonType,30,0.14116679
S23,MFA,Silhoutte_Score_PhonType,31,0.14116679
S23,MFA,Silhoutte_Score_PhonType,32,0.14116679
S23,MFA,Silhoutte_Score_PhonType,33,0.14116679
S23,MFA,Silhoutte_Score_PhonType,34,0.14116679
S23,MFA,Silhoutte_Score_PhonType,35,0.14116679
S23,MFA,Silhoutte_Score_PhonType,36,0.14116679
S23,MFA,Silhoutte_Score_PhonType,37,0.14116679
S23,MFA,Silhoutte_Score_PhonType,38,0.14116679
S23,MFA,Silhoutte_Score_PhonType,39,0.14116679
S23,MFA,Silhoutte_Score_PhonType,40,0.14116679
S23,MFA,Silhoutte_Score_PhonType,41,0.14116679
S23,MFA,Silhoutte_Score_PhonType,42,0.14116679
S23,MFA,Silhoutte_Score_PhonType,43,0.14116679
S23,MFA,Silhoutte_Score_PhonType,44,0.14116679
S23,MFA,Silhoutte_Score_PhonType,45,0.14116679
S23,MFA,Silhoutte_Score_PhonType,46,0.14116679
S23,MFA,Silhoutte_Score_PhonType,47,0.14116679
S23,MFA,Silhoutte_Score_PhonType,48,0.14116679
S23,MFA,Silhoutte_Score_PhonType,49,0.14116679
S23,MFA,Silhoutte_Score_PhonType,50,0.14116679
S26,Kumar,Silhouette_Score_PhonChance,1,0.055740587
S26,Kumar,Silhouette_Score_PhonChance,2,0.10038816
S26,Kumar,Silhouette_Score_PhonChance,3,0.1151645
S26,Kumar,Silhouette_Score_PhonChance,4,0.0388276
S26,Kumar,Silhouette_Score_PhonChance,5,0.052386127
S26,Kumar,Silhouette_Score_PhonChance,6,0.03981589
S26,Kumar,Silhouette_Score_PhonChance,7,0.02739658
S26,Kumar,Silhouette_Score_PhonChance,8,0.025123006
S26,Kumar,Silhouette_Score_PhonChance,9,0.020328518
S26,Kumar,Silhouette_Score_PhonChance,10,0.012349937
S26,Kumar,Silhouette_Score_PhonChance,11,0.07853691
S26,Kumar,Silhouette_Score_PhonChance,12,0.12407813
S26,Kumar,Silhouette_Score_PhonChance,13,0.08813573
S26,Kumar,Silhouette_Score_PhonChance,14,0.0427129
S26,Kumar,Silhouette_Score_PhonChance,15,0.07182272
S26,Kumar,Silhouette_Score_PhonChance,16,0.078118004
S26,Kumar,Silhouette_Score_PhonChance,17,0.036679123
S26,Kumar,Silhouette_Score_PhonChance,18,0.037608173
S26,Kumar,Silhouette_Score_PhonChance,19,0.12843478
S26,Kumar,Silhouette_Score_PhonChance,20,0.11475064
S26,Kumar,Silhouette_Score_PhonChance,21,0.11428261
S26,Kumar,Silhouette_Score_PhonChance,22,0.056876734
S26,Kumar,Silhouette_Score_PhonChance,23,0.12976108
S26,Kumar,Silhouette_Score_PhonChance,24,0.087569155
S26,Kumar,Silhouette_Score_PhonChance,25,0.057010047
S26,Kumar,Silhouette_Score_PhonChance,26,0.06363671
S26,Kumar,Silhouette_Score_PhonChance,27,0.04966122
S26,Kumar,Silhouette_Score_PhonChance,28,0.06852145
S26,Kumar,Silhouette_Score_PhonChance,29,0.09417018
S26,Kumar,Silhouette_Score_PhonChance,30,0.04491972
S26,Kumar,Silhouette_Score_PhonChance,31,0.059093982
S26,Kumar,Silhouette_Score_PhonChance,32,0.062372357
S26,Kumar,Silhouette_Score_PhonChance,33,0.024841757
S26,Kumar,Silhouette_Score_PhonChance,34,0.078008994
S26,Kumar,Silhouette_Score_PhonChance,35,0.07698812
S26,Kumar,Silhouette_Score_PhonChance,36,0.040273543
S26,Kumar,Silhouette_Score_PhonChance,37,0.059431918
S26,Kumar,Silhouette_Score_PhonChance,38,0.02881477
S26,Kumar,Silhouette_Score_PhonChance,39,0.09229583
S26,Kumar,Silhouette_Score_PhonChance,40,0.03137241
S26,Kumar,Silhouette_Score_PhonChance,41,0.07269424
S26,Kumar,Silhouette_Score_PhonChance,42,0.026851716
S26,Kumar,Silhouette_Score_PhonChance,43,0.11873532
S26,Kumar,Silhouette_Score_PhonChance,44,0.047838833
S26,Kumar,Silhouette_Score_PhonChance,45,0.052672144
S26,Kumar,Silhouette_Score_PhonChance,46,0.056707032
S26,Kumar,Silhouette_Score_PhonChance,47,0.06664702
S26,Kumar,Silhouette_Score_PhonChance,48,0.15719663
S26,Kumar,Silhouette_Score_PhonChance,49,0.062897965
S26,Kumar,Silhouette_Score_PhonChance,50,0.040897787
S26,Kumar,Silhoutte_Score_Phon,1,0.17580593
S26,Kumar,Silhoutte_Score_Phon,2,0.17580593
S26,Kumar,Silhoutte_Score_Phon,3,0.17580593
S26,Kumar,Silhoutte_Score_Phon,4,0.17580593
S26,Kumar,Silhoutte_Score_Phon,5,0.17580593
S26,Kumar,Silhoutte_Score_Phon,6,0.17580593
S26,Kumar,Silhoutte_Score_Phon,7,0.17580593
S26,Kumar,Silhoutte_Score_Phon,8,0.17580593
S26,Kumar,Silhoutte_Score_Phon,9,0.17580593
S26,Kumar,Silhoutte_Score_Phon,10,0.17580593
S26,Kumar,Silhoutte_Score_Phon,11,0.17580593
S26,Kumar,Silhoutte_Score_Phon,12,0.17580593
S26,Kumar,Silhoutte_Score_Phon,13,0.17580593
S26,Kumar,Silhoutte_Score_Phon,14,0.17580593
S26,Kumar,Silhoutte_Score_Phon,15,0.17580593
S26,Kumar,Silhoutte_Score_Phon,16,0.17580593
S26,Kumar,Silhoutte_Score_Phon,17,0.17580593
S26,Kumar,Silhoutte_Score_Phon,18,0.17580593
S26,Kumar,Silhoutte_Score_Phon,19,0.17580593
S26,Kumar,Silhoutte_Score_Phon,20,0.17580593
S26,Kumar,Silhoutte_Score_Phon,21,0.17580593
S26,Kumar,Silhoutte_Score_Phon,22,0.17580593
S26,Kumar,Silhoutte_Score_Phon,23,0.17580593
S26,Kumar,Silhoutte_Score_Phon,24,0.17580593
S26,Kumar,Silhoutte_Score_Phon,25,0.17580593
S26,Kumar,Silhoutte_Score_Phon,26,0.17580593
S26,Kumar,Silhoutte_Score_Phon,27,0.17580593
S26,Kumar,Silhoutte_Score_Phon,28,0.17580593
S26,Kumar,Silhoutte_Score_Phon,29,0.17580593
S26,Kumar,Silhoutte_Score_Phon,30,0.17580593
S26,Kumar,Silhoutte_Score_Phon,31,0.17580593
S26,Kumar,Silhoutte_Score_Phon,32,0.17580593
S26,Kumar,Silhoutte_Score_Phon,33,0.17580593
S26,Kumar,Silhoutte_Score_Phon,34,0.17580593
S26,Kumar,Silhoutte_Score_Phon,35,0.17580593
S26,Kumar,Silhoutte_Score_Phon,36,0.17580593
S26,Kumar,Silhoutte_Score_Phon,37,0.17580593
S26,Kumar,Silhoutte_Score_Phon,38,0.17580593
S26,Kumar,Silhoutte_Score_Phon,39,0.17580593
S26,Kumar,Silhoutte_Score_Phon,40,0.17580593
S26,Kumar,Silhoutte_Score_Phon,41,0.17580593
S26,Kumar,Silhoutte_Score_Phon,42,0.17580593
S26,Kumar,Silhoutte_Score_Phon,43,0.17580593
S26,Kumar,Silhoutte_Score_Phon,44,0.17580593
S26,Kumar,Silhoutte_Score_Phon,45,0.17580593
S26,Kumar,Silhoutte_Score_Phon,46,0.17580593
S26,Kumar,Silhoutte_Score_Phon,47,0.17580593
S26,Kumar,Silhoutte_Score_Phon,48,0.17580593
S26,Kumar,Silhoutte_Score_Phon,49,0.17580593
S26,Kumar,Silhoutte_Score_Phon,50,0.17580593
S26,Kumar,Silhoutte_Score_PhonGrp,1,0.14268053
S26,Kumar,Silhoutte_Score_PhonGrp,2,0.14268053
S26,Kumar,Silhoutte_Score_PhonGrp,3,0.14268053
S26,Kumar,Silhoutte_Score_PhonGrp,4,0.14268053
S26,Kumar,Silhoutte_Score_PhonGrp,5,0.14268053
S26,Kumar,Silhoutte_Score_PhonGrp,6,0.14268053
S26,Kumar,Silhoutte_Score_PhonGrp,7,0.14268053
S26,Kumar,Silhoutte_Score_PhonGrp,8,0.14268053
S26,Kumar,Silhoutte_Score_PhonGrp,9,0.14268053
S26,Kumar,Silhoutte_Score_PhonGrp,10,0.14268053
S26,Kumar,Silhoutte_Score_PhonGrp,11,0.14268053
S26,Kumar,Silhoutte_Score_PhonGrp,12,0.14268053
S26,Kumar,Silhoutte_Score_PhonGrp,13,0.14268053
S26,Kumar,Silhoutte_Score_PhonGrp,14,0.14268053
S26,Kumar,Silhoutte_Score_PhonGrp,15,0.14268053
S26,Kumar,Silhoutte_Score_PhonGrp,16,0.14268053
S26,Kumar,Silhoutte_Score_PhonGrp,17,0.14268053
S26,Kumar,Silhoutte_Score_PhonGrp,18,0.14268053
S26,Kumar,Silhoutte_Score_PhonGrp,19,0.14268053
S26,Kumar,Silhoutte_Score_PhonGrp,20,0.14268053
S26,Kumar,Silhoutte_Score_PhonGrp,21,0.14268053
S26,Kumar,Silhoutte_Score_PhonGrp,22,0.14268053
S26,Kumar,Silhoutte_Score_PhonGrp,23,0.14268053
S26,Kumar,Silhoutte_Score_PhonGrp,24,0.14268053
S26,Kumar,Silhoutte_Score_PhonGrp,25,0.14268053
S26,Kumar,Silhoutte_Score_PhonGrp,26,0.14268053
S26,Kumar,Silhoutte_Score_PhonGrp,27,0.14268053
S26,Kumar,Silhoutte_Score_PhonGrp,28,0.14268053
S26,Kumar,Silhoutte_Score_PhonGrp,29,0.14268053
S26,Kumar,Silhoutte_Score_PhonGrp,30,0.14268053
S26,Kumar,Silhoutte_Score_PhonGrp,31,0.14268053
S26,Kumar,Silhoutte_Score_PhonGrp,32,0.14268053
S26,Kumar,Silhoutte_Score_PhonGrp,33,0.14268053
S26,Kumar,Silhoutte_Score_PhonGrp,34,0.14268053
S26,Kumar,Silhoutte_Score_PhonGrp,35,0.14268053
S26,Kumar,Silhoutte_Score_PhonGrp,36,0.14268053
S26,Kumar,Silhoutte_Score_PhonGrp,37,0.14268053
S26,Kumar,Silhoutte_Score_PhonGrp,38,0.14268053
S26,Kumar,Silhoutte_Score_PhonGrp,39,0.14268053
S26,Kumar,Silhoutte_Score_PhonGrp,40,0.14268053
S26,Kumar,Silhoutte_Score_PhonGrp,41,0.14268053
S26,Kumar,Silhoutte_Score_PhonGrp,42,0.14268053
S26,Kumar,Silhoutte_Score_PhonGrp,43,0.14268053
S26,Kumar,Silhoutte_Score_PhonGrp,44,0.14268053
S26,Kumar,Silhoutte_Score_PhonGrp,45,0.14268053
S26,Kumar,Silhoutte_Score_PhonGrp,46,0.14268053
S26,Kumar,Silhoutte_Score_PhonGrp,47,0.14268053
S26,Kumar,Silhoutte_Score_PhonGrp,48,0.14268053
S26,Kumar,Silhoutte_Score_PhonGrp,49,0.14268053
S26,Kumar,Silhoutte_Score_PhonGrp,50,0.14268053
S26,Kumar,Silhoutte_Score_PhonType,1,0.2811664
S26,Kumar,Silhoutte_Score_PhonType,2,0.2811664
S26,Kumar,Silhoutte_Score_PhonType,3,0.2811664
S26,Kumar,Silhoutte_Score_PhonType,4,0.2811664
S26,Kumar,Silhoutte_Score_PhonType,5,0.2811664
S26,Kumar,Silhoutte_Score_PhonType,6,0.2811664
S26,Kumar,Silhoutte_Score_PhonType,7,0.2811664
S26,Kumar,Silhoutte_Score_PhonType,8,0.2811664
S26,Kumar,Silhoutte_Score_PhonType,9,0.2811664
S26,Kumar,Silhoutte_Score_PhonType,10,0.2811664
S26,Kumar,Silhoutte_Score_PhonType,11,0.2811664
S26,Kumar,Silhoutte_Score_PhonType,12,0.2811664
S26,Kumar,Silhoutte_Score_PhonType,13,0.2811664
S26,Kumar,Silhoutte_Score_PhonType,14,0.2811664
S26,Kumar,Silhoutte_Score_PhonType,15,0.2811664
S26,Kumar,Silhoutte_Score_PhonType,16,0.2811664
S26,Kumar,Silhoutte_Score_PhonType,17,0.2811664
S26,Kumar,Silhoutte_Score_PhonType,18,0.2811664
S26,Kumar,Silhoutte_Score_PhonType,19,0.2811664
S26,Kumar,Silhoutte_Score_PhonType,20,0.2811664
S26,Kumar,Silhoutte_Score_PhonType,21,0.2811664
S26,Kumar,Silhoutte_Score_PhonType,22,0.2811664
S26,Kumar,Silhoutte_Score_PhonType,23,0.2811664
S26,Kumar,Silhoutte_Score_PhonType,24,0.2811664
S26,Kumar,Silhoutte_Score_PhonType,25,0.2811664
S26,Kumar,Silhoutte_Score_PhonType,26,0.2811664
S26,Kumar,Silhoutte_Score_PhonType,27,0.2811664
S26,Kumar,Silhoutte_Score_PhonType,28,0.2811664
S26,Kumar,Silhoutte_Score_PhonType,29,0.2811664
S26,Kumar,Silhoutte_Score_PhonType,30,0.2811664
S26,Kumar,Silhoutte_Score_PhonType,31,0.2811664
S26,Kumar,Silhoutte_Score_PhonType,32,0.2811664
S26,Kumar,Silhoutte_Score_PhonType,33,0.2811664
S26,Kumar,Silhoutte_Score_PhonType,34,0.2811664
S26,Kumar,Silhoutte_Score_PhonType,35,0.2811664
S26,Kumar,Silhoutte_Score_PhonType,36,0.2811664
S26,Kumar,Silhoutte_Score_PhonType,37,0.2811664
S26,Kumar,Silhoutte_Score_PhonType,38,0.2811664
S26,Kumar,Silhoutte_Score_PhonType,39,0.2811664
S26,Kumar,Silhoutte_Score_PhonType,40,0.2811664
S26,Kumar,Silhoutte_Score_PhonType,41,0.2811664
S26,Kumar,Silhoutte_Score_PhonType,42,0.2811664
S26,Kumar,Silhoutte_Score_PhonType,43,0.2811664
S26,Kumar,Silhoutte_Score_PhonType,44,0.2811664
S26,Kumar,Silhoutte_Score_PhonType,45,0.2811664
S26,Kumar,Silhoutte_Score_PhonType,46,0.2811664
S26,Kumar,Silhoutte_Score_PhonType,47,0.2811664
S26,Kumar,Silhoutte_Score_PhonType,48,0.2811664
S26,Kumar,Silhoutte_Score_PhonType,49,0.2811664
S26,Kumar,Silhoutte_Score_PhonType,50,0.2811664
S26,MFA,Silhouette_Score_PhonChance,1,0.07613825
S26,MFA,Silhouette_Score_PhonChance,2,0.05453228
S26,MFA,Silhouette_Score_PhonChance,3,0.027000992
S26,MFA,Silhouette_Score_PhonChance,4,0.11691803
S26,MFA,Silhouette_Score_PhonChance,5,0.059862863
S26,MFA,Silhouette_Score_PhonChance,6,0.1377887
S26,MFA,Silhouette_Score_PhonChance,7,0.0832874
S26,MFA,Silhouette_Score_PhonChance,8,0.058141604
S26,MFA,Silhouette_Score_PhonChance,9,0.050064865
S26,MFA,Silhouette_Score_PhonChance,10,0.039000247
S26,MFA,Silhouette_Score_PhonChance,11,0.09059343
S26,MFA,Silhouette_Score_PhonChance,12,0.051867265
S26,MFA,Silhouette_Score_PhonChance,13,0.03935083
S26,MFA,Silhouette_Score_PhonChance,14,0.11623389
S26,MFA,Silhouette_Score_PhonChance,15,0.08693266
S26,MFA,Silhouette_Score_PhonChance,16,0.11264105
S26,MFA,Silhouette_Score_PhonChance,17,0.032276187
S26,MFA,Silhouette_Score_PhonChance,18,0.07132079
S26,MFA,Silhouette_Score_PhonChance,19,0.07324819
S26,MFA,Silhouette_Score_PhonChance,20,0.07885124
S26,MFA,Silhouette_Score_PhonChance,21,0.051755894
S26,MFA,Silhouette_Score_PhonChance,22,0.05512098
S26,MFA,Silhouette_Score_PhonChance,23,0.04504731
S26,MFA,Silhouette_Score_PhonChance,24,0.044476062
S26,MFA,Silhouette_Score_PhonChance,25,0.12838314
S26,MFA,Silhouette_Score_PhonChance,26,0.10090074
S26,MFA,Silhouette_Score_PhonChance,27,0.024624282
S26,MFA,Silhouette_Score_PhonChance,28,0.11428413
S26,MFA,Silhouette_Score_PhonChance,29,0.10729542
S26,MFA,Silhouette_Score_PhonChance,30,0.067730755
S26,MFA,Silhouette_Score_PhonChance,31,0.02687024
S26,MFA,Silhouette_Score_PhonChance,32,0.072174884
S26,MFA,Silhouette_Score_PhonChance,33,0.082653046
S26,MFA,Silhouette_Score_PhonChance,34,0.04658506
S26,MFA,Silhouette_Score_PhonChance,35,0.05626298
S26,MFA,Silhouette_Score_PhonChance,36,0.03473656
S26,MFA,Silhouette_Score_PhonChance,37,0.0654903
S26,MFA,Silhouette_Score_PhonChance,38,0.083798625
S26,MFA,Silhouette_Score_PhonChance,39,0.15687999
S26,MFA,Silhouette_Score_PhonChance,40,0.030264014
S26,MFA,Silhouette_Score_PhonChance,41,0.03657455
S26,MFA,Silhouette_Score_PhonChance,42,0.044108182
S26,MFA,Silhouette_Score_PhonChance,43,0.10176727
S26,MFA,Silhouette_Score_PhonChance,44,0.085995644
S26,MFA,Silhouette_Score_PhonChance,45,0.10275162
S26,MFA,Silhouette_Score_PhonChance,46,0.07410248
S26,MFA,Silhouette_Score_PhonChance,47,0.103234015
S26,MFA,Silhouette_Score_PhonChance,48,0.07669096
S26,MFA,Silhouette_Score_PhonChance,49,0.101122074
S26,MFA,Silhouette_Score_PhonChance,50,0.08245055
S26,MFA,Silhoutte_Score_Phon,1,0.16187045
S26,MFA,Silhoutte_Score_Phon,2,0.16187045
S26,MFA,Silhoutte_Score_Phon,3,0.16187045
S26,MFA,Silhoutte_Score_Phon,4,0.16187045
S26,MFA,Silhoutte_Score_Phon,5,0.16187045
S26,MFA,Silhoutte_Score_Phon,6,0.16187045
S26,MFA,Silhoutte_Score_Phon,7,0.16187045
S26,MFA,Silhoutte_Score_Phon,8,0.16187045
S26,MFA,Silhoutte_Score_Phon,9,0.16187045
S26,MFA,Silhoutte_Score_Phon,10,0.16187045
S26,MFA,Silhoutte_Score_Phon,11,0.16187045
S26,MFA,Silhoutte_Score_Phon,12,0.16187045
S26,MFA,Silhoutte_Score_Phon,13,0.16187045
S26,MFA,Silhoutte_Score_Phon,14,0.16187045
S26,MFA,Silhoutte_Score_Phon,15,0.16187045
S26,MFA,Silhoutte_Score_Phon,16,0.16187045
S26,MFA,Silhoutte_Score_Phon,17,0.16187045
S26,MFA,Silhoutte_Score_Phon,18,0.16187045
S26,MFA,Silhoutte_Score_Phon,19,0.16187045
S26,MFA,Silhoutte_Score_Phon,20,0.16187045
S26,MFA,Silhoutte_Score_Phon,21,0.16187045
S26,MFA,Silhoutte_Score_Phon,22,0.16187045
S26,MFA,Silhoutte_Score_Phon,23,0.16187045
S26,MFA,Silhoutte_Score_Phon,24,0.16187045
S26,MFA,Silhoutte_Score_Phon,25,0.16187045
S26,MFA,Silhoutte_Score_Phon,26,0.16187045
S26,MFA,Silhoutte_Score_Phon,27,0.16187045
S26,MFA,Silhoutte_Score_Phon,28,0.16187045
S26,MFA,Silhoutte_Score_Phon,29,0.16187045
S26,MFA,Silhoutte_Score_Phon,30,0.16187045
S26,MFA,Silhoutte_Score_Phon,31,0.16187045
S26,MFA,Silhoutte_Score_Phon,32,0.16187045
S26,MFA,Silhoutte_Score_Phon,33,0.16187045
S26,MFA,Silhoutte_Score_Phon,34,0.16187045
S26,MFA,Silhoutte_Score_Phon,35,0.16187045
S26,MFA,Silhoutte_Score_Phon,36,0.16187045
S26,MFA,Silhoutte_Score_Phon,37,0.16187045
S26,MFA,Silhoutte_Score_Phon,38,0.16187045
S26,MFA,Silhoutte_Score_Phon,39,0.16187045
S26,MFA,Silhoutte_Score_Phon,40,0.16187045
S26,MFA,Silhoutte_Score_Phon,41,0.16187045
S26,MFA,Silhoutte_Score_Phon,42,0.16187045
S26,MFA,Silhoutte_Score_Phon,43,0.16187045
S26,MFA,Silhoutte_Score_Phon,44,0.16187045
S26,MFA,Silhoutte_Score_Phon,45,0.16187045
S26,MFA,Silhoutte_Score_Phon,46,0.16187045
S26,MFA,Silhoutte_Score_Phon,47,0.16187045
S26,MFA,Silhoutte_Score_Phon,48,0.16187045
S26,MFA,Silhoutte_Score_Phon,49,0.16187045
S26,MFA,Silhoutte_Score_Phon,50,0.16187045
S26,MFA,Silhoutte_Score_PhonGrp,1,0.16408186
S26,MFA,Silhoutte_Score_PhonGrp,2,0.16408186
S26,MFA,Silhoutte_Score_PhonGrp,3,0.16408186
S26,MFA,Silhoutte_Score_PhonGrp,4,0.16408186
S26,MFA,Silhoutte_Score_PhonGrp,5,0.16408186
S26,MFA,Silhoutte_Score_PhonGrp,6,0.16408186
S26,MFA,Silhoutte_Score_PhonGrp,7,0.16408186
S26,MFA,Silhoutte_Score_PhonGrp,8,0.16408186
S26,MFA,Silhoutte_Score_PhonGrp,9,0.16408186
S26,MFA,Silhoutte_Score_PhonGrp,10,0.16408186
S26,MFA,Silhoutte_Score_PhonGrp,11,0.16408186
S26,MFA,Silhoutte_Score_PhonGrp,12,0.16408186
S26,MFA,Silhoutte_Score_PhonGrp,13,0.16408186
S26,MFA,Silhoutte_Score_PhonGrp,14,0.16408186
S26,MFA,Silhoutte_Score_PhonGrp,15,0.16408186
S26,MFA,Silhoutte_Score_PhonGrp,16,0.16408186
S26,MFA,Silhoutte_Score_PhonGrp,17,0.16408186
S26,MFA,Silhoutte_Score_PhonGrp,18,0.16408186
S26,MFA,Silhoutte_Score_PhonGrp,19,0.16408186
S26,MFA,Silhoutte_Score_PhonGrp,20,0.16408186
S26,MFA,Silhoutte_Score_PhonGrp,21,0.16408186
S26,MFA,Silhoutte_Score_PhonGrp,22,0.16408186
S26,MFA,Silhoutte_Score_PhonGrp,23,0.16408186
S26,MFA,Silhoutte_Score_PhonGrp,24,0.16408186
S26,MFA,Silhoutte_Score_PhonGrp,25,0.16408186
S26,MFA,Silhoutte_Score_PhonGrp,26,0.16408186
S26,MFA,Silhoutte_Score_PhonGrp,27,0.16408186
S26,MFA,Silhoutte_Score_PhonGrp,28,0.16408186
S26,MFA,Silhoutte_Score_PhonGrp,29,0.16408186
S26,MFA,Silhoutte_Score_PhonGrp,30,0.16408186
S26,MFA,Silhoutte_Score_PhonGrp,31,0.16408186
S26,MFA,Silhoutte_Score_PhonGrp,32,0.16408186
S26,MFA,Silhoutte_Score_PhonGrp,33,0.16408186
S26,MFA,Silhoutte_Score_PhonGrp,34,0.16408186
S26,MFA,Silhoutte_Score_PhonGrp,35,0.16408186
S26,MFA,Silhoutte_Score_PhonGrp,36,0.16408186
S26,MFA,Silhoutte_Score_PhonGrp,37,0.16408186
S26,MFA,Silhoutte_Score_PhonGrp,38,0.16408186
S26,MFA,Silhoutte_Score_PhonGrp,39,0.16408186
S26,MFA,Silhoutte_Score_PhonGrp,40,0.16408186
S26,MFA,Silhoutte_Score_PhonGrp,41,0.16408186
S26,MFA,Silhoutte_Score_PhonGrp,42,0.16408186
S26,MFA,Silhoutte_Score_PhonGrp,43,0.16408186
S26,MFA,Silhoutte_Score_PhonGrp,44,0.16408186
S26,MFA,Silhoutte_Score_PhonGrp,45,0.16408186
S26,MFA,Silhoutte_Score_PhonGrp,46,0.16408186
S26,MFA,Silhoutte_Score_PhonGrp,47,0.16408186
S26,MFA,Silhoutte_Score_PhonGrp,48,0.16408186
S26,MFA,Silhoutte_Score_PhonGrp,49,0.16408186
S26,MFA,Silhoutte_Score_PhonGrp,50,0.16408186
S26,MFA,Silhoutte_Score_PhonType,1,0.3085317
S26,MFA,Silhoutte_Score_PhonType,2,0.3085317
S26,MFA,Silhoutte_Score_PhonType,3,0.3085317
S26,MFA,Silhoutte_Score_PhonType,4,0.3085317
S26,MFA,Silhoutte_Score_PhonType,5,0.3085317
S26,MFA,Silhoutte_Score_PhonType,6,0.3085317
S26,MFA,Silhoutte_Score_PhonType,7,0.3085317
S26,MFA,Silhoutte_Score_PhonType,8,0.3085317
S26,MFA,Silhoutte_Score_PhonType,9,0.3085317
S26,MFA,Silhoutte_Score_PhonType,10,0.3085317
S26,MFA,Silhoutte_Score_PhonType,11,0.3085317
S26,MFA,Silhoutte_Score_PhonType,12,0.3085317
S26,MFA,Silhoutte_Score_PhonType,13,0.3085317
S26,MFA,Silhoutte_Score_PhonType,14,0.3085317
S26,MFA,Silhoutte_Score_PhonType,15,0.3085317
S26,MFA,Silhoutte_Score_PhonType,16,0.3085317
S26,MFA,Silhoutte_Score_PhonType,17,0.3085317
S26,MFA,Silhoutte_Score_PhonType,18,0.3085317
S26,MFA,Silhoutte_Score_PhonType,19,0.3085317
S26,MFA,Silhoutte_Score_PhonType,20,0.3085317
S26,MFA,Silhoutte_Score_PhonType,21,0.3085317
S26,MFA,Silhoutte_Score_PhonType,22,0.3085317
S26,MFA,Silhoutte_Score_PhonType,23,0.3085317
S26,MFA,Silhoutte_Score_PhonType,24,0.3085317
S26,MFA,Silhoutte_Score_PhonType,25,0.3085317
S26,MFA,Silhoutte_Score_PhonType,26,0.3085317
S26,MFA,Silhoutte_Score_PhonType,27,0.3085317
S26,MFA,Silhoutte_Score_PhonType,28,0.3085317
S26,MFA,Silhoutte_Score_PhonType,29,0.3085317
S26,MFA,Silhoutte_Score_PhonType,30,0.3085317
S26,MFA,Silhoutte_Score_PhonType,31,0.3085317
S26,MFA,Silhoutte_Score_PhonType,32,0.3085317
S26,MFA,Silhoutte_Score_PhonType,33,0.3085317
S26,MFA,Silhoutte_Score_PhonType,34,0.3085317
S26,MFA,Silhoutte_Score_PhonType,35,0.3085317
S26,MFA,Silhoutte_Score_PhonType,36,0.3085317
S26,MFA,Silhoutte_Score_PhonType,37,0.3085317
S26,MFA,Silhoutte_Score_PhonType,38,0.3085317
S26,MFA,Silhoutte_Score_PhonType,39,0.3085317
S26,MFA,Silhoutte_Score_PhonType,40,0.3085317
S26,MFA,Silhoutte_Score_PhonType,41,0.3085317
S26,MFA,Silhoutte_Score_PhonType,42,0.3085317
S26,MFA,Silhoutte_Score_PhonType,43,0.3085317
S26,MFA,Silhoutte_Score_PhonType,44,0.3085317
S26,MFA,Silhoutte_Score_PhonType,45,0.3085317
S26,MFA,Silhoutte_Score_PhonType,46,0.3085317
S26,MFA,Silhoutte_Score_PhonType,47,0.3085317
S26,MFA,Silhoutte_Score_PhonType,48,0.3085317
S26,MFA,Silhoutte_Score_PhonType,49,0.3085317
S26,MFA,Silhoutte_Score_PhonType,50,0.3085317
S33,Kumar,Silhouette_Score_PhonChance,1,0.1115584
S33,Kumar,Silhouette_Score_PhonChance,2,0.08992503
S33,Kumar,Silhouette_Score_PhonChance,3,0.07728533
S33,Kumar,Silhouette_Score_PhonChance,4,0.19996184
S33,Kumar,Silhouette_Score_PhonChance,5,0.08269235
S33,Kumar,Silhouette_Score_PhonChance,6,0.16674046
S33,Kumar,Silhouette_Score_PhonChance,7,0.3491387
S33,Kumar,Silhouette_Score_PhonChance,8,0.11216357
S33,Kumar,Silhouette_Score_PhonChance,9,0.22802918
S33,Kumar,Silhouette_Score_PhonChance,10,0.105927244
S33,Kumar,Silhouette_Score_PhonChance,11,0.16332842
S33,Kumar,Silhouette_Score_PhonChance,12,0.1414956
S33,Kumar,Silhouette_Score_PhonChance,13,0.26676416
S33,Kumar,Silhouette_Score_PhonChance,14,0.074630946
S33,Kumar,Silhouette_Score_PhonChance,15,
S33,Kumar,Silhouette_Score_PhonChance,16,0.043204367
S33,Kumar,Silhouette_Score_PhonChance,17,0.09918423
S33,Kumar,Silhouette_Score_PhonChance,18,0.18240844
S33,Kumar,Silhouette_Score_PhonChance,19,0.043657817
S33,Kumar,Silhouette_Score_PhonChance,20,0.06287441
S33,Kumar,Silhouette_Score_PhonChance,21,0.14481193
S33,Kumar,Silhouette_Score_PhonChance,22,0.20557189
S33,Kumar,Silhouette_Score_PhonChance,23,0.24313223
S33,Kumar,Silhouette_Score_PhonChance,24,0.116177924
S33,Kumar,Silhouette_Score_PhonChance,25,0.057481315
S33,Kumar,Silhouette_Score_PhonChance,26,0.027716562
S33,Kumar,Silhouette_Score_PhonChance,27,0.11541078
S33,Kumar,Silhouette_Score_PhonChance,28,0.114333026
S33,Kumar,Silhouette_Score_PhonChance,29,0.33505654
S33,Kumar,Silhouette_Score_PhonChance,30,0.040650316
S33,Kumar,Silhouette_Score_PhonChance,31,
S33,Kumar,Silhouette_Score_PhonChance,32,0.13506657
S33,Kumar,Silhouette_Score_PhonChance,33,0.1932083
S33,Kumar,Silhouette_Score_PhonChance,34,0.29350835
S33,Kumar,Silhouette_Score_PhonChance,35,0.082176894
S33,Kumar,Silhouette_Score_PhonChance,36,0.24989825
S33,Kumar,Silhouette_Score_PhonChance,37,0.72920966
S33,Kumar,Silhouette_Score_PhonChance,38,0.22239673
S33,Kumar,Silhouette_Score_PhonChance,39,0.42988133
S33,Kumar,Silhouette_Score_PhonChance,40,0.14626369
S33,Kumar,Silhouette_Score_PhonChance,41,0.14699033
S33,Kumar,Silhouette_Score_PhonChance,42,0.24859321
S33,Kumar,Silhouette_Score_PhonChance,43,0.12503523
S33,Kumar,Silhouette_Score_PhonChance,44,0.15395081
S33,Kumar,Silhouette_Score_PhonChance,45,0.24295616
S33,Kumar,Silhouette_Score_PhonChance,46,0.19749273
S33,Kumar,Silhouette_Score_PhonChance,47,0.12004523
S33,Kumar,Silhouette_Score_PhonChance,48,0.053483155
S33,Kumar,Silhouette_Score_PhonChance,49,0.30776528
S33,Kumar,Silhouette_Score_PhonChance,50,0.18195194
S33,Kumar,Silhoutte_Score_Phon,1,0.2345001
S33,Kumar,Silhoutte_Score_Phon,2,0.2345001
S33,Kumar,Silhoutte_Score_Phon,3,0.2345001
S33,Kumar,Silhoutte_Score_Phon,4,0.2345001
S33,Kumar,Silhoutte_Score_Phon,5,0.2345001
S33,Kumar,Silhoutte_Score_Phon,6,0.2345001
S33,Kumar,Silhoutte_Score_Phon,7,0.2345001
S33,Kumar,Silhoutte_Score_Phon,8,0.2345001
S33,Kumar,Silhoutte_Score_Phon,9,0.2345001
S33,Kumar,Silhoutte_Score_Phon,10,0.2345001
S33,Kumar,Silhoutte_Score_Phon,11,0.2345001
S33,Kumar,Silhoutte_Score_Phon,12,0.2345001
S33,Kumar,Silhoutte_Score_Phon,13,0.2345001
S33,Kumar,Silhoutte_Score_Phon,14,0.2345001
S33,Kumar,Silhoutte_Score_Phon,15,0.2345001
S33,Kumar,Silhoutte_Score_Phon,16,0.2345001
S33,Kumar,Silhoutte_Score_Phon,17,0.2345001
S33,Kumar,Silhoutte_Score_Phon,18,0.2345001
S33,Kumar,Silhoutte_Score_Phon,19,0.2345001
S33,Kumar,Silhoutte_Score_Phon,20,0.2345001
S33,Kumar,Silhoutte_Score_Phon,21,0.2345001
S33,Kumar,Silhoutte_Score_Phon,22,0.2345001
S33,Kumar,Silhoutte_Score_Phon,23,0.2345001
S33,Kumar,Silhoutte_Score_Phon,24,0.2345001
S33,Kumar,Silhoutte_Score_Phon,25,0.2345001
S33,Kumar,Silhoutte_Score_Phon,26,0.2345001
S33,Kumar,Silhoutte_Score_Phon,27,0.2345001
S33,Kumar,Silhoutte_Score_Phon,28,0.2345001
S33,Kumar,Silhoutte_Score_Phon,29,0.2345001
S33,Kumar,Silhoutte_Score_Phon,30,0.2345001
S33,Kumar,Silhoutte_Score_Phon,31,0.2345001
S33,Kumar,Silhoutte_Score_Phon,32,0.2345001
S33,Kumar,Silhoutte_Score_Phon,33,0.2345001
S33,Kumar,Silhoutte_Score_Phon,34,0.2345001
S33,Kumar,Silhoutte_Score_Phon,35,0.2345001
S33,Kumar,Silhoutte_Score_Phon,36,0.2345001
S33,Kumar,Silhoutte_Score_Phon,37,0.2345001
S33,Kumar,Silhoutte_Score_Phon,38,0.2345001
S33,Kumar,Silhoutte_Score_Phon,39,0.2345001
S33,Kumar,Silhoutte_Score_Phon,40,0.2345001
S33,Kumar,Silhoutte_Score_Phon,41,0.2345001
S33,Kumar,Silhoutte_Score_Phon,42,0.2345001
S33,Kumar,Silhoutte_Score_Phon,43,0.2345001
S33,Kumar,Silhoutte_Score_Phon,44,0.2345001
S33,Kumar,Silhoutte_Score_Phon,45,0.2345001
S33,Kumar,Silhoutte_Score_Phon,46,0.2345001
S33,Kumar,Silhoutte_Score_Phon,47,0.2345001
S33,Kumar,Silhoutte_Score_Phon,48,0.2345001
S33,Kumar,Silhoutte_Score_Phon,49,0.2345001
S33,Kumar,Silhoutte_Score_Phon,50,0.2345001
S33,Kumar,Silhoutte_Score_PhonGrp,1,0.33759376
S33,Kumar,Silhoutte_Score_PhonGrp,2,0.33759376
S33,Kumar,Silhoutte_Score_PhonGrp,3,0.33759376
S33,Kumar,Silhoutte_Score_PhonGrp,4,0.33759376
S33,Kumar,Silhoutte_Score_PhonGrp,5,0.33759376
S33,Kumar,Silhoutte_Score_PhonGrp,6,0.33759376
S33,Kumar,Silhoutte_Score_PhonGrp,7,0.33759376
S33,Kumar,Silhoutte_Score_PhonGrp,8,0.33759376
S33,Kumar,Silhoutte_Score_PhonGrp,9,0.33759376
S33,Kumar,Silhoutte_Score_PhonGrp,10,0.33759376
S33,Kumar,Silhoutte_Score_PhonGrp,11,0.33759376
S33,Kumar,Silhoutte_Score_PhonGrp,12,0.33759376
S33,Kumar,Silhoutte_Score_PhonGrp,13,0.33759376
S33,Kumar,Silhoutte_Score_PhonGrp,14,0.33759376
S33,Kumar,Silhoutte_Score_PhonGrp,15,0.33759376
S33,Kumar,Silhoutte_Score_PhonGrp,16,0.33759376
S33,Kumar,Silhoutte_Score_PhonGrp,17,0.33759376
S33,Kumar,Silhoutte_Score_PhonGrp,18,0.33759376
S33,Kumar,Silhoutte_Score_PhonGrp,19,0.33759376
S33,Kumar,Silhoutte_Score_PhonGrp,20,0.33759376
S33,Kumar,Silhoutte_Score_PhonGrp,21,0.33759376
S33,Kumar,Silhoutte_Score_PhonGrp,22,0.33759376
S33,Kumar,Silhoutte_Score_PhonGrp,23,0.33759376
S33,Kumar,Silhoutte_Score_PhonGrp,24,0.33759376
S33,Kumar,Silhoutte_Score_PhonGrp,25,0.33759376
S33,Kumar,Silhoutte_Score_PhonGrp,26,0.33759376
S33,Kumar,Silhoutte_Score_PhonGrp,27,0.33759376
S33,Kumar,Silhoutte_Score_PhonGrp,28,0.33759376
S33,Kumar,Silhoutte_Score_PhonGrp,29,0.33759376
S33,Kumar,Silhoutte_Score_PhonGrp,30,0.33759376
S33,Kumar,Silhoutte_Score_PhonGrp,31,0.33759376
S33,Kumar,Silhoutte_Score_PhonGrp,32,0.33759376
S33,Kumar,Silhoutte_Score_PhonGrp,33,0.33759376
S33,Kumar,Silhoutte_Score_PhonGrp,34,0.33759376
S33,Kumar,Silhoutte_Score_PhonGrp,35,0.33759376
S33,Kumar,Silhoutte_Score_PhonGrp,36,0.33759376
S33,Kumar,Silhoutte_Score_PhonGrp,37,0.33759376
S33,Kumar,Silhoutte_Score_PhonGrp,38,0.33759376
S33,Kumar,Silhoutte_Score_PhonGrp,39,0.33759376
S33,Kumar,Silhoutte_Score_PhonGrp,40,0.33759376
S33,Kumar,Silhoutte_Score_PhonGrp,41,0.33759376
S33,Kumar,Silhoutte_Score_PhonGrp,42,0.33759376
S33,Kumar,Silhoutte_Score_PhonGrp,43,0.33759376
S33,Kumar,Silhoutte_Score_PhonGrp,44,0.33759376
S33,Kumar,Silhoutte_Score_PhonGrp,45,0.33759376
S33,Kumar,Silhoutte_Score_PhonGrp,46,0.33759376
S33,Kumar,Silhoutte_Score_PhonGrp,47,0.33759376
S33,Kumar,Silhoutte_Score_PhonGrp,48,0.33759376
S33,Kumar,Silhoutte_Score_PhonGrp,49,0.33759376
S33,Kumar,Silhoutte_Score_PhonGrp,50,0.33759376
S33,Kumar,Silhoutte_Score_PhonType,1,0.19977546
S33,Kumar,Silhoutte_Score_PhonType,2,0.19977546
S33,Kumar,Silhoutte_Score_PhonType,3,0.19977546
S33,Kumar,Silhoutte_Score_PhonType,4,0.19977546
S33,Kumar,Silhoutte_Score_PhonType,5,0.19977546
S33,Kumar,Silhoutte_Score_PhonType,6,0.19977546
S33,Kumar,Silhoutte_Score_PhonType,7,0.19977546
S33,Kumar,Silhoutte_Score_PhonType,8,0.19977546
S33,Kumar,Silhoutte_Score_PhonType,9,0.19977546
S33,Kumar,Silhoutte_Score_PhonType,10,0.19977546
S33,Kumar,Silhoutte_Score_PhonType,11,0.19977546
S33,Kumar,Silhoutte_Score_PhonType,12,0.19977546
S33,Kumar,Silhoutte_Score_PhonType,13,0.19977546
S33,Kumar,Silhoutte_Score_PhonType,14,0.19977546
S33,Kumar,Silhoutte_Score_PhonType,15,0.19977546
S33,Kumar,Silhoutte_Score_PhonType,16,0.19977546
S33,Kumar,Silhoutte_Score_PhonType,17,0.19977546
S33,Kumar,Silhoutte_Score_PhonType,18,0.19977546
S33,Kumar,Silhoutte_Score_PhonType,19,0.19977546
S33,Kumar,Silhoutte_Score_PhonType,20,0.19977546
S33,Kumar,Silhoutte_Score_PhonType,21,0.19977546
S33,Kumar,Silhoutte_Score_PhonType,22,0.19977546
S33,Kumar,Silhoutte_Score_PhonType,23,0.19977546
S33,Kumar,Silhoutte_Score_PhonType,24,0.19977546
S33,Kumar,Silhoutte_Score_PhonType,25,0.19977546
S33,Kumar,Silhoutte_Score_PhonType,26,0.19977546
S33,Kumar,Silhoutte_Score_PhonType,27,0.19977546
S33,Kumar,Silhoutte_Score_PhonType,28,0.19977546
S33,Kumar,Silhoutte_Score_PhonType,29,0.19977546
S33,Kumar,Silhoutte_Score_PhonType,30,0.19977546
S33,Kumar,Silhoutte_Score_PhonType,31,0.19977546
S33,Kumar,Silhoutte_Score_PhonType,32,0.19977546
S33,Kumar,Silhoutte_Score_PhonType,33,0.19977546
S33,Kumar,Silhoutte_Score_PhonType,34,0.19977546
S33,Kumar,Silhoutte_Score_PhonType,35,0.19977546
S33,Kumar,Silhoutte_Score_PhonType,36,0.19977546
S33,Kumar,Silhoutte_Score_PhonType,37,0.19977546
S33,Kumar,Silhoutte_Score_PhonType,38,0.19977546
S33,Kumar,Silhoutte_Score_PhonType,39,0.19977546
S33,Kumar,Silhoutte_Score_PhonType,40,0.19977546
S33,Kumar,Silhoutte_Score_PhonType,41,0.19977546
S33,Kumar,Silhoutte_Score_PhonType,42,0.19977546
S33,Kumar,Silhoutte_Score_PhonType,43,0.19977546
S33,Kumar,Silhoutte_Score_PhonType,44,0.19977546
S33,Kumar,Silhoutte_Score_PhonType,45,0.19977546
S33,Kumar,Silhoutte_Score_PhonType,46,0.19977546
S33,Kumar,Silhoutte_Score_PhonType,47,0.19977546
S33,Kumar,Silhoutte_Score_PhonType,48,0.19977546
S33,Kumar,Silhoutte_Score_PhonType,49,0.19977546
S33,Kumar,Silhoutte_Score_PhonType,50,0.19977546
S33,MFA,Silhouette_Score_PhonChance,1,0.0920436
S33,MFA,Silhouette_Score_PhonChance,2,0.116024114
S33,MFA,Silhouette_Score_PhonChance,3,0.09000214
S33,MFA,Silhouette_Score_PhonChance,4,0.046471015
S33,MFA,Silhouette_Score_PhonChance,5,0.10401487
S33,MFA,Silhouette_Score_PhonChance,6,0.1289555
S33,MFA,Silhouette_Score_PhonChance,7,0.45337617
S33,MFA,Silhouette_Score_PhonChance,8,
S33,MFA,Silhouette_Score_PhonChance,9,0.14995268
S33,MFA,Silhouette_Score_PhonChance,10,0.07934815
S33,MFA,Silhouette_Score_PhonChance,11,0.10455346
S33,MFA,Silhouette_Score_PhonChance,12,0.11972531
S33,MFA,Silhouette_Score_PhonChance,13,0.17936093
S33,MFA,Silhouette_Score_PhonChance,14,0.11586027
S33,MFA,Silhouette_Score_PhonChance,15,0.03615507
S33,MFA,Silhouette_Score_PhonChance,16,0.06137273
S33,MFA,Silhouette_Score_PhonChance,17,0.12556213
S33,MFA,Silhouette_Score_PhonChance,18,0.15058245
S33,MFA,Silhouette_Score_PhonChance,19,0.08054008
S33,MFA,Silhouette_Score_PhonChance,20,0.19098482
S33,MFA,Silhouette_Score_PhonChance,21,0.12328653
S33,MFA,Silhouette_Score_PhonChance,22,0.1788836
S33,MFA,Silhouette_Score_PhonChance,23,0.289967
S33,MFA,Silhouette_Score_PhonChance,24,0.35889056
S33,MFA,Silhouette_Score_PhonChance,25,0.16524507
S33,MFA,Silhouette_Score_PhonChance,26,0.17448571
S33,MFA,Silhouette_Score_PhonChance,27,0.115328275
S33,MFA,Silhouette_Score_PhonChance,28,0.10599366
S33,MFA,Silhouette_Score_PhonChance,29,0.3877538
S33,MFA,Silhouette_Score_PhonChance,30,0.08690974
S33,MFA,Silhouette_Score_PhonChance,31,0.13960496
S33,MFA,Silhouette_Score_PhonChance,32,0.114826605
S33,MFA,Silhouette_Score_PhonChance,33,0.15077056
S33,MFA,Silhouette_Score_PhonChance,34,0.30538085
S33,MFA,Silhouette_Score_PhonChance,35,0.14828788
S33,MFA,Silhouette_Score_PhonChance,36,0.12887324
S33,MFA,Silhouette_Score_PhonChance,37,0.33523577
S33,MFA,Silhouette_Score_PhonChance,38,0.10637631
S33,MFA,Silhouette_Score_PhonChance,39,0.3243415
S33,MFA,Silhouette_Score_PhonChance,40,0.12942505
S33,MFA,Silhouette_Score_PhonChance,41,0.1578118
S33,MFA,Silhouette_Score_PhonChance,42,0.3383708
S33,MFA,Silhouette_Score_PhonChance,43,0.09375563
S33,MFA,Silhouette_Score_PhonChance,44,0.123485476
S33,MFA,Silhouette_Score_PhonChance,45,0.20263183
S33,MFA,Silhouette_Score_PhonChance,46,0.16900589
S33,MFA,Silhouette_Score_PhonChance,47,0.14196026
S33,MFA,Silhouette_Score_PhonChance,48,0.06936632
S33,MFA,Silhouette_Score_PhonChance,49,0.25354046
S33,MFA,Silhouette_Score_PhonChance,50,0.21749839
S33,MFA,Silhoutte_Score_Phon,1,0.26505452
S33,MFA,Silhoutte_Score_Phon,2,0.26505452
S33,MFA,Silhoutte_Score_Phon,3,0.26505452
S33,MFA,Silhoutte_Score_Phon,4,0.26505452
S33,MFA,Silhoutte_Score_Phon,5,0.26505452
S33,MFA,Silhoutte_Score_Phon,6,0.26505452
S33,MFA,Silhoutte_Score_Phon,7,0.26505452
S33,MFA,Silhoutte_Score_Phon,8,0.26505452
S33,MFA,Silhoutte_Score_Phon,9,0.26505452
S33,MFA,Silhoutte_Score_Phon,10,0.26505452
S33,MFA,Silhoutte_Score_Phon,11,0.26505452
S33,MFA,Silhoutte_Score_Phon,12,0.26505452
S33,MFA,Silhoutte_Score_Phon,13,0.26505452
S33,MFA,Silhoutte_Score_Phon,14,0.26505452
S33,MFA,Silhoutte_Score_Phon,15,0.26505452
S33,MFA,Silhoutte_Score_Phon,16,0.26505452
S33,MFA,Silhoutte_Score_Phon,17,0.26505452
S33,MFA,Silhoutte_Score_Phon,18,0.26505452
S33,MFA,Silhoutte_Score_Phon,19,0.26505452
S33,MFA,Silhoutte_Score_Phon,20,0.26505452
S33,MFA,Silhoutte_Score_Phon,21,0.26505452
S33,MFA,Silhoutte_Score_Phon,22,0.26505452
S33,MFA,Silhoutte_Score_Phon,23,0.26505452
S33,MFA,Silhoutte_Score_Phon,24,0.26505452
S33,MFA,Silhoutte_Score_Phon,25,0.26505452
S33,MFA,Silhoutte_Score_Phon,26,0.26505452
S33,MFA,Silhoutte_Score_Phon,27,0.26505452
S33,MFA,Silhoutte_Score_Phon,28,0.26505452
S33,MFA,Silhoutte_Score_Phon,29,0.26505452
S33,MFA,Silhoutte_Score_Phon,30,0.26505452
S33,MFA,Silhoutte_Score_Phon,31,0.26505452
S33,MFA,Silhoutte_Score_Phon,32,0.26505452
S33,MFA,Silhoutte_Score_Phon,33,0.26505452
S33,MFA,Silhoutte_Score_Phon,34,0.26505452
S33,MFA,Silhoutte_Score_Phon,35,0.26505452
S33,MFA,Silhoutte_Score_Phon,36,0.26505452
S33,MFA,Silhoutte_Score_Phon,37,0.26505452
S33,MFA,Silhoutte_Score_Phon,38,0.26505452
S33,MFA,Silhoutte_Score_Phon,39,0.26505452
S33,MFA,Silhoutte_Score_Phon,40,0.26505452
S33,MFA,Silhoutte_Score_Phon,41,0.26505452
S33,MFA,Silhoutte_Score_Phon,42,0.26505452
S33,MFA,Silhoutte_Score_Phon,43,0.26505452
S33,MFA,Silhoutte_Score_Phon,44,0.26505452
S33,MFA,Silhoutte_Score_Phon,45,0.26505452
S33,MFA,Silhoutte_Score_Phon,46,0.26505452
S33,MFA,Silhoutte_Score_Phon,47,0.26505452
S33,MFA,Silhoutte_Score_Phon,48,0.26505452
S33,MFA,Silhoutte_Score_Phon,49,0.26505452
S33,MFA,Silhoutte_Score_Phon,50,0.26505452
S33,MFA,Silhoutte_Score_PhonGrp,1,0.18036367
S33,MFA,Silhoutte_Score_PhonGrp,2,0.18036367
S33,MFA,Silhoutte_Score_PhonGrp,3,0.18036367
S33,MFA,Silhoutte_Score_PhonGrp,4,0.18036367
S33,MFA,Silhoutte_Score_PhonGrp,5,0.18036367
S33,MFA,Silhoutte_Score_PhonGrp,6,0.18036367
S33,MFA,Silhoutte_Score_PhonGrp,7,0.18036367
S33,MFA,Silhoutte_Score_PhonGrp,8,0.18036367
S33,MFA,Silhoutte_Score_PhonGrp,9,0.18036367
S33,MFA,Silhoutte_Score_PhonGrp,10,0.18036367
S33,MFA,Silhoutte_Score_PhonGrp,11,0.18036367
S33,MFA,Silhoutte_Score_PhonGrp,12,0.18036367
S33,MFA,Silhoutte_Score_PhonGrp,13,0.18036367
S33,MFA,Silhoutte_Score_PhonGrp,14,0.18036367
S33,MFA,Silhoutte_Score_PhonGrp,15,0.18036367
S33,MFA,Silhoutte_Score_PhonGrp,16,0.18036367
S33,MFA,Silhoutte_Score_PhonGrp,17,0.18036367
S33,MFA,Silhoutte_Score_PhonGrp,18,0.18036367
S33,MFA,Silhoutte_Score_PhonGrp,19,0.18036367
S33,MFA,Silhoutte_Score_PhonGrp,20,0.18036367
S33,MFA,Silhoutte_Score_PhonGrp,21,0.18036367
S33,MFA,Silhoutte_Score_PhonGrp,22,0.18036367
S33,MFA,Silhoutte_Score_PhonGrp,23,0.18036367
S33,MFA,Silhoutte_Score_PhonGrp,24,0.18036367
S33,MFA,Silhoutte_Score_PhonGrp,25,0.18036367
S33,MFA,Silhoutte_Score_PhonGrp,26,0.18036367
S33,MFA,Silhoutte_Score_PhonGrp,27,0.18036367
S33,MFA,Silhoutte_Score_PhonGrp,28,0.18036367
S33,MFA,Silhoutte_Score_PhonGrp,29,0.18036367
S33,MFA,Silhoutte_Score_PhonGrp,30,0.18036367
S33,MFA,Silhoutte_Score_PhonGrp,31,0.18036367
S33,MFA,Silhoutte_Score_PhonGrp,32,0.18036367
S33,MFA,Silhoutte_Score_PhonGrp,33,0.18036367
S33,MFA,Silhoutte_Score_PhonGrp,34,0.18036367
S33,MFA,Silhoutte_Score_PhonGrp,35,0.18036367
S33,MFA,Silhoutte_Score_PhonGrp,36,0.18036367
S33,MFA,Silhoutte_Score_PhonGrp,37,0.18036367
S33,MFA,Silhoutte_Score_PhonGrp,38,0.18036367
S33,MFA,Silhoutte_Score_PhonGrp,39,0.18036367
S33,MFA,Silhoutte_Score_PhonGrp,40,0.18036367
S33,MFA,Silhoutte_Score_PhonGrp,41,0.18036367
S33,MFA,Silhoutte_Score_PhonGrp,42,0.18036367
S33,MFA,Silhoutte_Score_PhonGrp,43,0.18036367
S33,MFA,Silhoutte_Score_PhonGrp,44,0.18036367
S33,MFA,Silhoutte_Score_PhonGrp,45,0.18036367
S33,MFA,Silhoutte_Score_PhonGrp,46,0.18036367
S33,MFA,Silhoutte_Score_PhonGrp,47,0.18036367
S33,MFA,Silhoutte_Score_PhonGrp,48,0.18036367
S33,MFA,Silhoutte_Score_PhonGrp,49,0.18036367
S33,MFA,Silhoutte_Score_PhonGrp,50,0.18036367
S33,MFA,Silhoutte_Score_PhonType,1,0.2679392
S33,MFA,Silhoutte_Score_PhonType,2,0.2679392
S33,MFA,Silhoutte_Score_PhonType,3,0.2679392
S33,MFA,Silhoutte_Score_PhonType,4,0.2679392
S33,MFA,Silhoutte_Score_PhonType,5,0.2679392
S33,MFA,Silhoutte_Score_PhonType,6,0.2679392
S33,MFA,Silhoutte_Score_PhonType,7,0.2679392
S33,MFA,Silhoutte_Score_PhonType,8,0.2679392
S33,MFA,Silhoutte_Score_PhonType,9,0.2679392
S33,MFA,Silhoutte_Score_PhonType,10,0.2679392
S33,MFA,Silhoutte_Score_PhonType,11,0.2679392
S33,MFA,Silhoutte_Score_PhonType,12,0.2679392
S33,MFA,Silhoutte_Score_PhonType,13,0.2679392
S33,MFA,Silhoutte_Score_PhonType,14,0.2679392
S33,MFA,Silhoutte_Score_PhonType,15,0.2679392
S33,MFA,Silhoutte_Score_PhonType,16,0.2679392
S33,MFA,Silhoutte_Score_PhonType,17,0.2679392
S33,MFA,Silhoutte_Score_PhonType,18,0.2679392
S33,MFA,Silhoutte_Score_PhonType,19,0.2679392
S33,MFA,Silhoutte_Score_PhonType,20,0.2679392
S33,MFA,Silhoutte_Score_PhonType,21,0.2679392
S33,MFA,Silhoutte_Score_PhonType,22,0.2679392
S33,MFA,Silhoutte_Score_PhonType,23,0.2679392
S33,MFA,Silhoutte_Score_PhonType,24,0.2679392
S33,MFA,Silhoutte_Score_PhonType,25,0.2679392
S33,MFA,Silhoutte_Score_PhonType,26,0.2679392
S33,MFA,Silhoutte_Score_PhonType,27,0.2679392
S33,MFA,Silhoutte_Score_PhonType,28,0.2679392
S33,MFA,Silhoutte_Score_PhonType,29,0.2679392
S33,MFA,Silhoutte_Score_PhonType,30,0.2679392
S33,MFA,Silhoutte_Score_PhonType,31,0.2679392
S33,MFA,Silhoutte_Score_PhonType,32,0.2679392
S33,MFA,Silhoutte_Score_PhonType,33,0.2679392
S33,MFA,Silhoutte_Score_PhonType,34,0.2679392
S33,MFA,Silhoutte_Score_PhonType,35,0.2679392
S33,MFA,Silhoutte_Score_PhonType,36,0.2679392
S33,MFA,Silhoutte_Score_PhonType,37,0.2679392
S33,MFA,Silhoutte_Score_PhonType,38,0.2679392
S33,MFA,Silhoutte_Score_PhonType,39,0.2679392
S33,MFA,Silhoutte_Score_PhonType,40,0.2679392
S33,MFA,Silhoutte_Score_PhonType,41,0.2679392
S33,MFA,Silhoutte_Score_PhonType,42,0.2679392
S33,MFA,Silhoutte_Score_PhonType,43,0.2679392
S33,MFA,Silhoutte_Score_PhonType,44,0.2679392
S33,MFA,Silhoutte_Score_PhonType,45,0.2679392
S33,MFA,Silhoutte_Score_PhonType,46,0.2679392
S33,MFA,Silhoutte_Score_PhonType,47,0.2679392
S33,MFA,Silhoutte_Score_PhonType,48,0.2679392
S33,MFA,Silhoutte_Score_PhonType,49,0.2679392
S33,MFA,Silhoutte_Score_PhonType,50,0.2679392
